"residence_area","edrpou","kwd_name","lat","lng","report_month","count_before_18","count_amb","count_inpat"
"ДНІПРОПЕТРОВСЬКА","01280527","КОМУНАЛЬНЕ НЕКОМЕРЦІЙНЕ ПІДПРИЄМСТВО ""МІСЬКА КЛІНІЧНА ЛІКАРНЯ № 4"" ДНІПРОВСЬКОЇ МІСЬКОЇ РАДИ","48.454046","34.934646",1,"0","657","284"
"ДНІПРОПЕТРОВСЬКА","01280527","КОМУНАЛЬНЕ НЕКОМЕРЦІЙНЕ ПІДПРИЄМСТВО ""МІСЬКА КЛІНІЧНА ЛІКАРНЯ № 4"" ДНІПРОВСЬКОЇ МІСЬКОЇ РАДИ","48.454046","34.934646",2,"0","527","301"
"ДНІПРОПЕТРОВСЬКА","01280527","КОМУНАЛЬНЕ НЕКОМЕРЦІЙНЕ ПІДПРИЄМСТВО ""МІСЬКА КЛІНІЧНА ЛІКАРНЯ № 4"" ДНІПРОВСЬКОЇ МІСЬКОЇ РАДИ","48.454046","34.934646",3,"0","551","325"
"ДНІПРОПЕТРОВСЬКА","01280527","КОМУНАЛЬНЕ НЕКОМЕРЦІЙНЕ ПІДПРИЄМСТВО ""МІСЬКА КЛІНІЧНА ЛІКАРНЯ № 4"" ДНІПРОВСЬКОЇ МІСЬКОЇ РАДИ","48.454046","34.934646",4,"0","580","326"
"ДНІПРОПЕТРОВСЬКА","01280527","КОМУНАЛЬНЕ НЕКОМЕРЦІЙНЕ ПІДПРИЄМСТВО ""МІСЬКА КЛІНІЧНА ЛІКАРНЯ № 4"" ДНІПРОВСЬКОЇ МІСЬКОЇ РАДИ","48.454046","34.934646",5,"0","564","319"
"ХМЕЛЬНИЦЬКА","01981224","КОМУНАЛЬНЕ НЕКОМЕРЦІЙНЕ ПІДПРИЄМСТВО ""ХМЕЛЬНИЦЬКИЙ ОБЛАСНИЙ ПРОТИПУХЛИННИЙ ЦЕНТР"" ХМЕЛЬНИЦЬКОЇ ОБЛАСНОЇ РАДИ","49.413567","27.000387",1,"1","1160","501"
"ХМЕЛЬНИЦЬКА","01981224","КОМУНАЛЬНЕ НЕКОМЕРЦІЙНЕ ПІДПРИЄМСТВО ""ХМЕЛЬНИЦЬКИЙ ОБЛАСНИЙ ПРОТИПУХЛИННИЙ ЦЕНТР"" ХМЕЛЬНИЦЬКОЇ ОБЛАСНОЇ РАДИ","49.413567","27.000387",2,"1","1107","516"
"ХМЕЛЬНИЦЬКА","01981224","КОМУНАЛЬНЕ НЕКОМЕРЦІЙНЕ ПІДПРИЄМСТВО ""ХМЕЛЬНИЦЬКИЙ ОБЛАСНИЙ ПРОТИПУХЛИННИЙ ЦЕНТР"" ХМЕЛЬНИЦЬКОЇ ОБЛАСНОЇ РАДИ","49.413567","27.000387",3,"1","1228","570"
"ХМЕЛЬНИЦЬКА","01981224","КОМУНАЛЬНЕ НЕКОМЕРЦІЙНЕ ПІДПРИЄМСТВО ""ХМЕЛЬНИЦЬКИЙ ОБЛАСНИЙ ПРОТИПУХЛИННИЙ ЦЕНТР"" ХМЕЛЬНИЦЬКОЇ ОБЛАСНОЇ РАДИ","49.413567","27.000387",4,"1","1186","547"
"ХМЕЛЬНИЦЬКА","01981224","КОМУНАЛЬНЕ НЕКОМЕРЦІЙНЕ ПІДПРИЄМСТВО ""ХМЕЛЬНИЦЬКИЙ ОБЛАСНИЙ ПРОТИПУХЛИННИЙ ЦЕНТР"" ХМЕЛЬНИЦЬКОЇ ОБЛАСНОЇ РАДИ","49.413567","27.000387",5,"1","1238","556"
"ВОЛИНСЬКА","01982940","КОМУНАЛЬНЕ НЕКОМЕРЦІЙНЕ ПІДПРИЄМСТВО КОВЕЛЬСЬКЕ МІСЬКРАЙОННЕ ТЕРИТОРІАЛЬНЕ МЕДИЧНЕ ОБ'ЄДНАННЯ КОВЕЛЬСЬКОЇ МІСЬКОЇ РАДИ ВОЛИНСЬКОЇ ОБЛАСТІ","51.213807","24.712929",1,"0","0","29"
"ВОЛИНСЬКА","01982940","КОМУНАЛЬНЕ НЕКОМЕРЦІЙНЕ ПІДПРИЄМСТВО КОВЕЛЬСЬКЕ МІСЬКРАЙОННЕ ТЕРИТОРІАЛЬНЕ МЕДИЧНЕ ОБ'ЄДНАННЯ КОВЕЛЬСЬКОЇ МІСЬКОЇ РАДИ ВОЛИНСЬКОЇ ОБЛАСТІ","51.213807","24.712929",2,"0","0","27"
"ВОЛИНСЬКА","01982940","КОМУНАЛЬНЕ НЕКОМЕРЦІЙНЕ ПІДПРИЄМСТВО КОВЕЛЬСЬКЕ МІСЬКРАЙОННЕ ТЕРИТОРІАЛЬНЕ МЕДИЧНЕ ОБ'ЄДНАННЯ КОВЕЛЬСЬКОЇ МІСЬКОЇ РАДИ ВОЛИНСЬКОЇ ОБЛАСТІ","51.213807","24.712929",3,"0","0","34"
"ВОЛИНСЬКА","01982940","КОМУНАЛЬНЕ НЕКОМЕРЦІЙНЕ ПІДПРИЄМСТВО КОВЕЛЬСЬКЕ МІСЬКРАЙОННЕ ТЕРИТОРІАЛЬНЕ МЕДИЧНЕ ОБ'ЄДНАННЯ КОВЕЛЬСЬКОЇ МІСЬКОЇ РАДИ ВОЛИНСЬКОЇ ОБЛАСТІ","51.213807","24.712929",4,"0","0","37"
"ВОЛИНСЬКА","01982940","КОМУНАЛЬНЕ НЕКОМЕРЦІЙНЕ ПІДПРИЄМСТВО КОВЕЛЬСЬКЕ МІСЬКРАЙОННЕ ТЕРИТОРІАЛЬНЕ МЕДИЧНЕ ОБ'ЄДНАННЯ КОВЕЛЬСЬКОЇ МІСЬКОЇ РАДИ ВОЛИНСЬКОЇ ОБЛАСТІ","51.213807","24.712929",5,"0","0","29"
"ВОЛИНСЬКА","01983163","КОМУНАЛЬНЕ ПІДПРИЄМСТВО ""ВОЛИНСЬКА ОБЛАСНА КЛІНІЧНА ЛІКАРНЯ"" ВОЛИНСЬКОЇ ОБЛАСНОЇ РАДИ","50.758376","25.345020",1,"0","15","604"
"ВОЛИНСЬКА","01983163","КОМУНАЛЬНЕ ПІДПРИЄМСТВО ""ВОЛИНСЬКА ОБЛАСНА КЛІНІЧНА ЛІКАРНЯ"" ВОЛИНСЬКОЇ ОБЛАСНОЇ РАДИ","50.758376","25.345020",2,"0","13","572"
"ВОЛИНСЬКА","01983163","КОМУНАЛЬНЕ ПІДПРИЄМСТВО ""ВОЛИНСЬКА ОБЛАСНА КЛІНІЧНА ЛІКАРНЯ"" ВОЛИНСЬКОЇ ОБЛАСНОЇ РАДИ","50.758376","25.345020",3,"0","10","602"
"ВОЛИНСЬКА","01983163","КОМУНАЛЬНЕ ПІДПРИЄМСТВО ""ВОЛИНСЬКА ОБЛАСНА КЛІНІЧНА ЛІКАРНЯ"" ВОЛИНСЬКОЇ ОБЛАСНОЇ РАДИ","50.758376","25.345020",4,"0","8","576"
"ВОЛИНСЬКА","01983163","КОМУНАЛЬНЕ ПІДПРИЄМСТВО ""ВОЛИНСЬКА ОБЛАСНА КЛІНІЧНА ЛІКАРНЯ"" ВОЛИНСЬКОЇ ОБЛАСНОЇ РАДИ","50.758376","25.345020",5,"0","2","567"
"ЛУГАНСЬКА","01983826","КОМУНАЛЬНЕ НЕКОМЕРЦІЙНЕ ПІДПРИЄМСТВО ЛУГАНСЬКОЇ ОБЛАСНОЇ РАДИ ""ЛУГАНСЬКИЙ ОБЛАСНИЙ КЛІНІЧНИЙ ОНКОЛОГІЧНИЙ ДИСПАНСЕР""","48.948177","38.487877",1,"0","235","144"
"ЛУГАНСЬКА","01983826","КОМУНАЛЬНЕ НЕКОМЕРЦІЙНЕ ПІДПРИЄМСТВО ЛУГАНСЬКОЇ ОБЛАСНОЇ РАДИ ""ЛУГАНСЬКИЙ ОБЛАСНИЙ КЛІНІЧНИЙ ОНКОЛОГІЧНИЙ ДИСПАНСЕР""","48.948177","38.487877",2,"0","184","141"
"ЛУГАНСЬКА","01983826","КОМУНАЛЬНЕ НЕКОМЕРЦІЙНЕ ПІДПРИЄМСТВО ЛУГАНСЬКОЇ ОБЛАСНОЇ РАДИ ""ЛУГАНСЬКИЙ ОБЛАСНИЙ КЛІНІЧНИЙ ОНКОЛОГІЧНИЙ ДИСПАНСЕР""","48.948177","38.487877",3,"0","163","139"
"ЛУГАНСЬКА","01983826","КОМУНАЛЬНЕ НЕКОМЕРЦІЙНЕ ПІДПРИЄМСТВО ЛУГАНСЬКОЇ ОБЛАСНОЇ РАДИ ""ЛУГАНСЬКИЙ ОБЛАСНИЙ КЛІНІЧНИЙ ОНКОЛОГІЧНИЙ ДИСПАНСЕР""","48.948177","38.487877",4,"0","155","130"
"ЛУГАНСЬКА","01983826","КОМУНАЛЬНЕ НЕКОМЕРЦІЙНЕ ПІДПРИЄМСТВО ЛУГАНСЬКОЇ ОБЛАСНОЇ РАДИ ""ЛУГАНСЬКИЙ ОБЛАСНИЙ КЛІНІЧНИЙ ОНКОЛОГІЧНИЙ ДИСПАНСЕР""","48.948177","38.487877",5,"0","142","159"
"ДНІПРОПЕТРОВСЬКА","01984636","КОМУНАЛЬНЕ НЕКОМЕРЦІЙНЕ ПІДПРИЄМСТВО ""КЛІНІЧНА ЛІКАРНЯ ШВИДКОЇ МЕДИЧНОЇ ДОПОМОГИ"" ДНІПРОВСЬКОЇ МІСЬКОЇ РАДИ","48.465589","35.015664",1,"0","0","10"
"ДНІПРОПЕТРОВСЬКА","01984636","КОМУНАЛЬНЕ НЕКОМЕРЦІЙНЕ ПІДПРИЄМСТВО ""КЛІНІЧНА ЛІКАРНЯ ШВИДКОЇ МЕДИЧНОЇ ДОПОМОГИ"" ДНІПРОВСЬКОЇ МІСЬКОЇ РАДИ","48.465589","35.015664",2,"0","0","12"
"ДНІПРОПЕТРОВСЬКА","01984636","КОМУНАЛЬНЕ НЕКОМЕРЦІЙНЕ ПІДПРИЄМСТВО ""КЛІНІЧНА ЛІКАРНЯ ШВИДКОЇ МЕДИЧНОЇ ДОПОМОГИ"" ДНІПРОВСЬКОЇ МІСЬКОЇ РАДИ","48.465589","35.015664",3,"0","0","11"
"ДНІПРОПЕТРОВСЬКА","01984636","КОМУНАЛЬНЕ НЕКОМЕРЦІЙНЕ ПІДПРИЄМСТВО ""КЛІНІЧНА ЛІКАРНЯ ШВИДКОЇ МЕДИЧНОЇ ДОПОМОГИ"" ДНІПРОВСЬКОЇ МІСЬКОЇ РАДИ","48.465589","35.015664",4,"0","0","11"
"ДНІПРОПЕТРОВСЬКА","01984636","КОМУНАЛЬНЕ НЕКОМЕРЦІЙНЕ ПІДПРИЄМСТВО ""КЛІНІЧНА ЛІКАРНЯ ШВИДКОЇ МЕДИЧНОЇ ДОПОМОГИ"" ДНІПРОВСЬКОЇ МІСЬКОЇ РАДИ","48.465589","35.015664",5,"0","0","9"
"ДНІПРОПЕТРОВСЬКА","01985423","КОМУНАЛЬНЕ ПІДПРИЄМСТВО ""ДНІПРОПЕТРОВСЬКА ОБЛАСНА КЛІНІЧНА ЛІКАРНЯ ІМ. І.І. МЕЧНИКОВА"" ДНІПРОПЕТРОВСЬКОЇ ОБЛАСНОЇ РАДИ""","48.456144","35.070031",1,"0","0","47"
"ДНІПРОПЕТРОВСЬКА","01985423","КОМУНАЛЬНЕ ПІДПРИЄМСТВО ""ДНІПРОПЕТРОВСЬКА ОБЛАСНА КЛІНІЧНА ЛІКАРНЯ ІМ. І.І. МЕЧНИКОВА"" ДНІПРОПЕТРОВСЬКОЇ ОБЛАСНОЇ РАДИ""","48.456144","35.070031",2,"0","0","39"
"ДНІПРОПЕТРОВСЬКА","01985423","КОМУНАЛЬНЕ ПІДПРИЄМСТВО ""ДНІПРОПЕТРОВСЬКА ОБЛАСНА КЛІНІЧНА ЛІКАРНЯ ІМ. І.І. МЕЧНИКОВА"" ДНІПРОПЕТРОВСЬКОЇ ОБЛАСНОЇ РАДИ""","48.456144","35.070031",3,"0","0","63"
"ДНІПРОПЕТРОВСЬКА","01985423","КОМУНАЛЬНЕ ПІДПРИЄМСТВО ""ДНІПРОПЕТРОВСЬКА ОБЛАСНА КЛІНІЧНА ЛІКАРНЯ ІМ. І.І. МЕЧНИКОВА"" ДНІПРОПЕТРОВСЬКОЇ ОБЛАСНОЇ РАДИ""","48.456144","35.070031",4,"0","0","69"
"ДНІПРОПЕТРОВСЬКА","01985423","КОМУНАЛЬНЕ ПІДПРИЄМСТВО ""ДНІПРОПЕТРОВСЬКА ОБЛАСНА КЛІНІЧНА ЛІКАРНЯ ІМ. І.І. МЕЧНИКОВА"" ДНІПРОПЕТРОВСЬКОЇ ОБЛАСНОЇ РАДИ""","48.456144","35.070031",5,"0","0","76"
"ДНІПРОПЕТРОВСЬКА","01985860","КОМУНАЛЬНЕ НЕКОМЕРЦІЙНЕ ПІДПРИЄМСТВО КАМ'ЯНСЬКОЇ МІСЬКОЇ РАДИ ""МІСЬКА ЛІКАРНЯ №9""","48.509381","34.597984",1,"0","0","64"
"ДНІПРОПЕТРОВСЬКА","01985860","КОМУНАЛЬНЕ НЕКОМЕРЦІЙНЕ ПІДПРИЄМСТВО КАМ'ЯНСЬКОЇ МІСЬКОЇ РАДИ ""МІСЬКА ЛІКАРНЯ №9""","48.509381","34.597984",2,"0","0","57"
"ДНІПРОПЕТРОВСЬКА","01985860","КОМУНАЛЬНЕ НЕКОМЕРЦІЙНЕ ПІДПРИЄМСТВО КАМ'ЯНСЬКОЇ МІСЬКОЇ РАДИ ""МІСЬКА ЛІКАРНЯ №9""","48.509381","34.597984",3,"0","0","65"
"ДНІПРОПЕТРОВСЬКА","01985860","КОМУНАЛЬНЕ НЕКОМЕРЦІЙНЕ ПІДПРИЄМСТВО КАМ'ЯНСЬКОЇ МІСЬКОЇ РАДИ ""МІСЬКА ЛІКАРНЯ №9""","48.509381","34.597984",4,"0","0","59"
"ДНІПРОПЕТРОВСЬКА","01985860","КОМУНАЛЬНЕ НЕКОМЕРЦІЙНЕ ПІДПРИЄМСТВО КАМ'ЯНСЬКОЇ МІСЬКОЇ РАДИ ""МІСЬКА ЛІКАРНЯ №9""","48.509381","34.597984",5,"0","0","67"
"ДНІПРОПЕТРОВСЬКА","01986380","КОМУНАЛЬНЕ ПІДПРИЄМСТВО ""КРИВОРІЗЬКИЙ ОНКОЛОГІЧНИЙ ДИСПАНСЕР"" ДНІПРОПЕТРОВСЬКОЇ ОБЛАСНОЇ РАДИ""","47.928179","33.448832",1,"0","16","398"
"ДНІПРОПЕТРОВСЬКА","01986380","КОМУНАЛЬНЕ ПІДПРИЄМСТВО ""КРИВОРІЗЬКИЙ ОНКОЛОГІЧНИЙ ДИСПАНСЕР"" ДНІПРОПЕТРОВСЬКОЇ ОБЛАСНОЇ РАДИ""","47.928179","33.448832",2,"0","14","390"
"ДНІПРОПЕТРОВСЬКА","01986380","КОМУНАЛЬНЕ ПІДПРИЄМСТВО ""КРИВОРІЗЬКИЙ ОНКОЛОГІЧНИЙ ДИСПАНСЕР"" ДНІПРОПЕТРОВСЬКОЇ ОБЛАСНОЇ РАДИ""","47.928179","33.448832",3,"0","49","411"
"ДНІПРОПЕТРОВСЬКА","01986380","КОМУНАЛЬНЕ ПІДПРИЄМСТВО ""КРИВОРІЗЬКИЙ ОНКОЛОГІЧНИЙ ДИСПАНСЕР"" ДНІПРОПЕТРОВСЬКОЇ ОБЛАСНОЇ РАДИ""","47.928179","33.448832",4,"0","122","398"
"ДНІПРОПЕТРОВСЬКА","01986380","КОМУНАЛЬНЕ ПІДПРИЄМСТВО ""КРИВОРІЗЬКИЙ ОНКОЛОГІЧНИЙ ДИСПАНСЕР"" ДНІПРОПЕТРОВСЬКОЇ ОБЛАСНОЇ РАДИ""","47.928179","33.448832",5,"0","156","359"
"ДНІПРОПЕТРОВСЬКА","01986380","КОМУНАЛЬНЕ ПІДПРИЄМСТВО ""КРИВОРІЗЬКИЙ ОНКОЛОГІЧНИЙ ДИСПАНСЕР"" ДНІПРОПЕТРОВСЬКОЇ ОБЛАСНОЇ РАДИ""","47.928179","33.448832",6,"0","5","0"
"ДОНЕЦЬКА","01990217","КОМУНАЛЬНЕ НЕКОМЕРЦІЙНЕ ПІДПРИЄМСТВО ""БАГАТОПРОФІЛЬНА ЛІКАРНЯ ІНТЕНСИВНОГО ЛІКУВАННЯ М. БАХМУТ""","48.590780","37.999420",1,"0","0","46"
"ДОНЕЦЬКА","01990217","КОМУНАЛЬНЕ НЕКОМЕРЦІЙНЕ ПІДПРИЄМСТВО ""БАГАТОПРОФІЛЬНА ЛІКАРНЯ ІНТЕНСИВНОГО ЛІКУВАННЯ М. БАХМУТ""","48.590780","37.999420",2,"0","0","51"
"ДОНЕЦЬКА","01990217","КОМУНАЛЬНЕ НЕКОМЕРЦІЙНЕ ПІДПРИЄМСТВО ""БАГАТОПРОФІЛЬНА ЛІКАРНЯ ІНТЕНСИВНОГО ЛІКУВАННЯ М. БАХМУТ""","48.590780","37.999420",3,"0","0","50"
"ДОНЕЦЬКА","01990217","КОМУНАЛЬНЕ НЕКОМЕРЦІЙНЕ ПІДПРИЄМСТВО ""БАГАТОПРОФІЛЬНА ЛІКАРНЯ ІНТЕНСИВНОГО ЛІКУВАННЯ М. БАХМУТ""","48.590780","37.999420",4,"0","5","47"
"ДОНЕЦЬКА","01990217","КОМУНАЛЬНЕ НЕКОМЕРЦІЙНЕ ПІДПРИЄМСТВО ""БАГАТОПРОФІЛЬНА ЛІКАРНЯ ІНТЕНСИВНОГО ЛІКУВАННЯ М. БАХМУТ""","48.590780","37.999420",5,"0","11","48"
"ДОНЕЦЬКА","01990217","КОМУНАЛЬНЕ НЕКОМЕРЦІЙНЕ ПІДПРИЄМСТВО ""БАГАТОПРОФІЛЬНА ЛІКАРНЯ ІНТЕНСИВНОГО ЛІКУВАННЯ М. БАХМУТ""","48.590780","37.999420",6,"0","0","2"
"ДОНЕЦЬКА","01990795","КОМУНАЛЬНЕ НЕКОМЕРЦІЙНЕ ПІДПРИЄМСТВО ""МІСЬКА ЛІКАРНЯ № 2"" КРАМАТОРСЬКОЇ МІСЬКОЇ РАДИ","48.762686","37.593271",1,"0","0","21"
"ДОНЕЦЬКА","01990795","КОМУНАЛЬНЕ НЕКОМЕРЦІЙНЕ ПІДПРИЄМСТВО ""МІСЬКА ЛІКАРНЯ № 2"" КРАМАТОРСЬКОЇ МІСЬКОЇ РАДИ","48.762686","37.593271",2,"0","0","18"
"ДОНЕЦЬКА","01990795","КОМУНАЛЬНЕ НЕКОМЕРЦІЙНЕ ПІДПРИЄМСТВО ""МІСЬКА ЛІКАРНЯ № 2"" КРАМАТОРСЬКОЇ МІСЬКОЇ РАДИ","48.762686","37.593271",3,"0","0","22"
"ДОНЕЦЬКА","01990795","КОМУНАЛЬНЕ НЕКОМЕРЦІЙНЕ ПІДПРИЄМСТВО ""МІСЬКА ЛІКАРНЯ № 2"" КРАМАТОРСЬКОЇ МІСЬКОЇ РАДИ","48.762686","37.593271",4,"0","0","21"
"ДОНЕЦЬКА","01990795","КОМУНАЛЬНЕ НЕКОМЕРЦІЙНЕ ПІДПРИЄМСТВО ""МІСЬКА ЛІКАРНЯ № 2"" КРАМАТОРСЬКОЇ МІСЬКОЇ РАДИ","48.762686","37.593271",5,"0","0","16"
"ЖИТОМИРСЬКА","01991406","КОМУНАЛЬНЕ НЕКОМЕРЦІЙНЕ ПІДПРИЄМСТВО ""ОБЛАСНА КЛІНІЧНА ЛІКАРНЯ ІМ.О.Ф.ГЕРБАЧЕВСЬКОГО"" ЖИТОМИРСЬКОЇ ОБЛАСНОЇ РАДИ","50.247541","28.672887",4,"0","0","5"
"ЖИТОМИРСЬКА","01991406","КОМУНАЛЬНЕ НЕКОМЕРЦІЙНЕ ПІДПРИЄМСТВО ""ОБЛАСНА КЛІНІЧНА ЛІКАРНЯ ІМ.О.Ф.ГЕРБАЧЕВСЬКОГО"" ЖИТОМИРСЬКОЇ ОБЛАСНОЇ РАДИ","50.247541","28.672887",5,"0","0","17"
"ЖИТОМИРСЬКА","01991470","КОМУНАЛЬНЕ НЕКОМЕРЦІЙНЕ ПІДПРИЄМСТВО ""ЖИТОМИРСЬКИЙ ОБЛАСНИЙ ОНКОЛОГІЧНИЙ ДИСПАНСЕР"" ЖИТОМИРСЬКОЇ ОБЛАСНОЇ РАДИ","50.244443","28.675415",1,"0","96","685"
"ЖИТОМИРСЬКА","01991470","КОМУНАЛЬНЕ НЕКОМЕРЦІЙНЕ ПІДПРИЄМСТВО ""ЖИТОМИРСЬКИЙ ОБЛАСНИЙ ОНКОЛОГІЧНИЙ ДИСПАНСЕР"" ЖИТОМИРСЬКОЇ ОБЛАСНОЇ РАДИ","50.244443","28.675415",2,"0","86","659"
"ЖИТОМИРСЬКА","01991470","КОМУНАЛЬНЕ НЕКОМЕРЦІЙНЕ ПІДПРИЄМСТВО ""ЖИТОМИРСЬКИЙ ОБЛАСНИЙ ОНКОЛОГІЧНИЙ ДИСПАНСЕР"" ЖИТОМИРСЬКОЇ ОБЛАСНОЇ РАДИ","50.244443","28.675415",3,"0","129","670"
"ЖИТОМИРСЬКА","01991470","КОМУНАЛЬНЕ НЕКОМЕРЦІЙНЕ ПІДПРИЄМСТВО ""ЖИТОМИРСЬКИЙ ОБЛАСНИЙ ОНКОЛОГІЧНИЙ ДИСПАНСЕР"" ЖИТОМИРСЬКОЇ ОБЛАСНОЇ РАДИ","50.244443","28.675415",4,"0","29","677"
"ЖИТОМИРСЬКА","01991470","КОМУНАЛЬНЕ НЕКОМЕРЦІЙНЕ ПІДПРИЄМСТВО ""ЖИТОМИРСЬКИЙ ОБЛАСНИЙ ОНКОЛОГІЧНИЙ ДИСПАНСЕР"" ЖИТОМИРСЬКОЇ ОБЛАСНОЇ РАДИ","50.244443","28.675415",5,"0","34","682"
"ЗАКАРПАТСЬКА","01992147","КОМУНАЛЬНЕ НЕКОМЕРЦІЙНЕ ПІДПРИЄМСТВО ""ЗАКАРПАТСЬКИЙ ПРОТИПУХЛИННИЙ ЦЕНТР"" ЗАКАРПАТСЬКОЇ ОБЛАСНОЇ РАДИ","48.634420","22.310391",1,"0","369","436"
"ЗАКАРПАТСЬКА","01992147","КОМУНАЛЬНЕ НЕКОМЕРЦІЙНЕ ПІДПРИЄМСТВО ""ЗАКАРПАТСЬКИЙ ПРОТИПУХЛИННИЙ ЦЕНТР"" ЗАКАРПАТСЬКОЇ ОБЛАСНОЇ РАДИ","48.634420","22.310391",2,"0","162","452"
"ЗАКАРПАТСЬКА","01992147","КОМУНАЛЬНЕ НЕКОМЕРЦІЙНЕ ПІДПРИЄМСТВО ""ЗАКАРПАТСЬКИЙ ПРОТИПУХЛИННИЙ ЦЕНТР"" ЗАКАРПАТСЬКОЇ ОБЛАСНОЇ РАДИ","48.634420","22.310391",3,"0","139","482"
"ЗАКАРПАТСЬКА","01992147","КОМУНАЛЬНЕ НЕКОМЕРЦІЙНЕ ПІДПРИЄМСТВО ""ЗАКАРПАТСЬКИЙ ПРОТИПУХЛИННИЙ ЦЕНТР"" ЗАКАРПАТСЬКОЇ ОБЛАСНОЇ РАДИ","48.634420","22.310391",4,"0","162","461"
"ЗАКАРПАТСЬКА","01992147","КОМУНАЛЬНЕ НЕКОМЕРЦІЙНЕ ПІДПРИЄМСТВО ""ЗАКАРПАТСЬКИЙ ПРОТИПУХЛИННИЙ ЦЕНТР"" ЗАКАРПАТСЬКОЇ ОБЛАСНОЇ РАДИ","48.634420","22.310391",5,"0","140","430"
"ЗАКАРПАТСЬКА","01992831","Комунальне некомерційне підприємство ""Лікарня Святого Мартина""","48.447007","22.714017",1,"0","68","79"
"ЗАКАРПАТСЬКА","01992831","Комунальне некомерційне підприємство ""Лікарня Святого Мартина""","48.447007","22.714017",2,"0","57","95"
"ЗАКАРПАТСЬКА","01992831","Комунальне некомерційне підприємство ""Лікарня Святого Мартина""","48.447007","22.714017",3,"0","79","95"
"ЗАКАРПАТСЬКА","01992831","Комунальне некомерційне підприємство ""Лікарня Святого Мартина""","48.447007","22.714017",4,"0","68","100"
"ЗАКАРПАТСЬКА","01992831","Комунальне некомерційне підприємство ""Лікарня Святого Мартина""","48.447007","22.714017",5,"0","65","90"
"ЗАКАРПАТСЬКА","01992831","Комунальне некомерційне підприємство ""Лікарня Святого Мартина""","48.447007","22.714017",6,"0","0","1"
"ІВАНО-ФРАНКІВСЬКА","01993150","КОМУНАЛЬНЕ НЕКОМЕРЦІЙНЕ ПІДПРИЄМСТВО ""ОБЛАСНА КЛІНІЧНА ЛІКАРНЯ ІВАНО-ФРАНКІВСЬКОЇ ОБЛАСНОЇ РАДИ""","48.939243","24.686624",1,"0","0","20"
"ІВАНО-ФРАНКІВСЬКА","01993150","КОМУНАЛЬНЕ НЕКОМЕРЦІЙНЕ ПІДПРИЄМСТВО ""ОБЛАСНА КЛІНІЧНА ЛІКАРНЯ ІВАНО-ФРАНКІВСЬКОЇ ОБЛАСНОЇ РАДИ""","48.939243","24.686624",2,"0","0","17"
"ІВАНО-ФРАНКІВСЬКА","01993150","КОМУНАЛЬНЕ НЕКОМЕРЦІЙНЕ ПІДПРИЄМСТВО ""ОБЛАСНА КЛІНІЧНА ЛІКАРНЯ ІВАНО-ФРАНКІВСЬКОЇ ОБЛАСНОЇ РАДИ""","48.939243","24.686624",3,"0","0","28"
"ІВАНО-ФРАНКІВСЬКА","01993150","КОМУНАЛЬНЕ НЕКОМЕРЦІЙНЕ ПІДПРИЄМСТВО ""ОБЛАСНА КЛІНІЧНА ЛІКАРНЯ ІВАНО-ФРАНКІВСЬКОЇ ОБЛАСНОЇ РАДИ""","48.939243","24.686624",4,"0","0","31"
"ІВАНО-ФРАНКІВСЬКА","01993150","КОМУНАЛЬНЕ НЕКОМЕРЦІЙНЕ ПІДПРИЄМСТВО ""ОБЛАСНА КЛІНІЧНА ЛІКАРНЯ ІВАНО-ФРАНКІВСЬКОЇ ОБЛАСНОЇ РАДИ""","48.939243","24.686624",5,"0","0","43"
"ІВАНО-ФРАНКІВСЬКА","01993256","КОМУНАЛЬНЕ НЕКОМЕРЦІЙНЕ ПІДПРИЄМСТВО ""ІВАНО-ФРАНКІВСЬКА ОБЛАСНА ДИТЯЧА КЛІНІЧНА ЛІКАРНЯ ІВАНО-ФРАНКІВСЬКОЇ ОБЛАСНОЇ РАДИ""","48.906985","24.711691",1,"2","0","0"
"ІВАНО-ФРАНКІВСЬКА","01993256","КОМУНАЛЬНЕ НЕКОМЕРЦІЙНЕ ПІДПРИЄМСТВО ""ІВАНО-ФРАНКІВСЬКА ОБЛАСНА ДИТЯЧА КЛІНІЧНА ЛІКАРНЯ ІВАНО-ФРАНКІВСЬКОЇ ОБЛАСНОЇ РАДИ""","48.906985","24.711691",2,"4","0","0"
"ІВАНО-ФРАНКІВСЬКА","01993256","КОМУНАЛЬНЕ НЕКОМЕРЦІЙНЕ ПІДПРИЄМСТВО ""ІВАНО-ФРАНКІВСЬКА ОБЛАСНА ДИТЯЧА КЛІНІЧНА ЛІКАРНЯ ІВАНО-ФРАНКІВСЬКОЇ ОБЛАСНОЇ РАДИ""","48.906985","24.711691",3,"4","0","0"
"ІВАНО-ФРАНКІВСЬКА","01993256","КОМУНАЛЬНЕ НЕКОМЕРЦІЙНЕ ПІДПРИЄМСТВО ""ІВАНО-ФРАНКІВСЬКА ОБЛАСНА ДИТЯЧА КЛІНІЧНА ЛІКАРНЯ ІВАНО-ФРАНКІВСЬКОЇ ОБЛАСНОЇ РАДИ""","48.906985","24.711691",4,"2","0","0"
"ІВАНО-ФРАНКІВСЬКА","01993256","КОМУНАЛЬНЕ НЕКОМЕРЦІЙНЕ ПІДПРИЄМСТВО ""ІВАНО-ФРАНКІВСЬКА ОБЛАСНА ДИТЯЧА КЛІНІЧНА ЛІКАРНЯ ІВАНО-ФРАНКІВСЬКОЇ ОБЛАСНОЇ РАДИ""","48.906985","24.711691",5,"5","0","0"
"М.КИЇВ","01993776","КОМУНАЛЬНЕ НЕКОМЕРЦІЙНЕ ПІДПРИЄМСТВО ""КИЇВСЬКА МІСЬКА КЛІНІЧНА ЛІКАРНЯ №18"" ВИКОНАВЧОГО ОРГАНУ КИЇВСЬКОЇ МІСЬКОЇ РАДИ (КИЇВСЬКОЇ МІСЬКОЇ ДЕРЖАВНОЇ АДМІНІСТРАЦІЇ)","50.443912","30.508744",1,"0","0","74"
"М.КИЇВ","01993776","КОМУНАЛЬНЕ НЕКОМЕРЦІЙНЕ ПІДПРИЄМСТВО ""КИЇВСЬКА МІСЬКА КЛІНІЧНА ЛІКАРНЯ №18"" ВИКОНАВЧОГО ОРГАНУ КИЇВСЬКОЇ МІСЬКОЇ РАДИ (КИЇВСЬКОЇ МІСЬКОЇ ДЕРЖАВНОЇ АДМІНІСТРАЦІЇ)","50.443912","30.508744",2,"0","0","71"
"М.КИЇВ","01993776","КОМУНАЛЬНЕ НЕКОМЕРЦІЙНЕ ПІДПРИЄМСТВО ""КИЇВСЬКА МІСЬКА КЛІНІЧНА ЛІКАРНЯ №18"" ВИКОНАВЧОГО ОРГАНУ КИЇВСЬКОЇ МІСЬКОЇ РАДИ (КИЇВСЬКОЇ МІСЬКОЇ ДЕРЖАВНОЇ АДМІНІСТРАЦІЇ)","50.443912","30.508744",3,"0","0","75"
"М.КИЇВ","01993776","КОМУНАЛЬНЕ НЕКОМЕРЦІЙНЕ ПІДПРИЄМСТВО ""КИЇВСЬКА МІСЬКА КЛІНІЧНА ЛІКАРНЯ №18"" ВИКОНАВЧОГО ОРГАНУ КИЇВСЬКОЇ МІСЬКОЇ РАДИ (КИЇВСЬКОЇ МІСЬКОЇ ДЕРЖАВНОЇ АДМІНІСТРАЦІЇ)","50.443912","30.508744",4,"0","0","74"
"М.КИЇВ","01993776","КОМУНАЛЬНЕ НЕКОМЕРЦІЙНЕ ПІДПРИЄМСТВО ""КИЇВСЬКА МІСЬКА КЛІНІЧНА ЛІКАРНЯ №18"" ВИКОНАВЧОГО ОРГАНУ КИЇВСЬКОЇ МІСЬКОЇ РАДИ (КИЇВСЬКОЇ МІСЬКОЇ ДЕРЖАВНОЇ АДМІНІСТРАЦІЇ)","50.443912","30.508744",5,"0","0","63"
"М.КИЇВ","01993931","КОМУНАЛЬНЕ НЕКОМЕРЦІЙНЕ ПІДПРИЄМСТВО ""КИЇВСЬКА МІСЬКА КЛІНІЧНА ЛІКАРНЯ №10"" ВИКОНАВЧОГО ОРГАНУ КИЇВСЬКОЇ МІСЬКОЇ РАДИ (КИЇВСЬКОЇ МІСЬКОЇ ДЕРЖАВНОЇ АДМІНІСТРАЦІЇ)","50.398903","30.513687",1,"0","0","2"
"М.КИЇВ","01993931","КОМУНАЛЬНЕ НЕКОМЕРЦІЙНЕ ПІДПРИЄМСТВО ""КИЇВСЬКА МІСЬКА КЛІНІЧНА ЛІКАРНЯ №10"" ВИКОНАВЧОГО ОРГАНУ КИЇВСЬКОЇ МІСЬКОЇ РАДИ (КИЇВСЬКОЇ МІСЬКОЇ ДЕРЖАВНОЇ АДМІНІСТРАЦІЇ)","50.398903","30.513687",2,"0","0","7"
"М.КИЇВ","01993931","КОМУНАЛЬНЕ НЕКОМЕРЦІЙНЕ ПІДПРИЄМСТВО ""КИЇВСЬКА МІСЬКА КЛІНІЧНА ЛІКАРНЯ №10"" ВИКОНАВЧОГО ОРГАНУ КИЇВСЬКОЇ МІСЬКОЇ РАДИ (КИЇВСЬКОЇ МІСЬКОЇ ДЕРЖАВНОЇ АДМІНІСТРАЦІЇ)","50.398903","30.513687",3,"0","0","11"
"М.КИЇВ","01993931","КОМУНАЛЬНЕ НЕКОМЕРЦІЙНЕ ПІДПРИЄМСТВО ""КИЇВСЬКА МІСЬКА КЛІНІЧНА ЛІКАРНЯ №10"" ВИКОНАВЧОГО ОРГАНУ КИЇВСЬКОЇ МІСЬКОЇ РАДИ (КИЇВСЬКОЇ МІСЬКОЇ ДЕРЖАВНОЇ АДМІНІСТРАЦІЇ)","50.398903","30.513687",4,"0","0","12"
"М.КИЇВ","01993931","КОМУНАЛЬНЕ НЕКОМЕРЦІЙНЕ ПІДПРИЄМСТВО ""КИЇВСЬКА МІСЬКА КЛІНІЧНА ЛІКАРНЯ №10"" ВИКОНАВЧОГО ОРГАНУ КИЇВСЬКОЇ МІСЬКОЇ РАДИ (КИЇВСЬКОЇ МІСЬКОЇ ДЕРЖАВНОЇ АДМІНІСТРАЦІЇ)","50.398903","30.513687",5,"0","0","5"
"М.КИЇВ","01994089","НАЦІОНАЛЬНА ДИТЯЧА СПЕЦІАЛІЗОВАНА ЛІКАРНЯ ""ОХМАТДИТ"" МОЗ УКРАЇНИ","50.451125","30.480932",1,"22","0","1"
"М.КИЇВ","01994089","НАЦІОНАЛЬНА ДИТЯЧА СПЕЦІАЛІЗОВАНА ЛІКАРНЯ ""ОХМАТДИТ"" МОЗ УКРАЇНИ","50.451125","30.480932",2,"28","0","0"
"М.КИЇВ","01994089","НАЦІОНАЛЬНА ДИТЯЧА СПЕЦІАЛІЗОВАНА ЛІКАРНЯ ""ОХМАТДИТ"" МОЗ УКРАЇНИ","50.451125","30.480932",3,"30","0","0"
"М.КИЇВ","01994089","НАЦІОНАЛЬНА ДИТЯЧА СПЕЦІАЛІЗОВАНА ЛІКАРНЯ ""ОХМАТДИТ"" МОЗ УКРАЇНИ","50.451125","30.480932",4,"30","0","0"
"М.КИЇВ","01994089","НАЦІОНАЛЬНА ДИТЯЧА СПЕЦІАЛІЗОВАНА ЛІКАРНЯ ""ОХМАТДИТ"" МОЗ УКРАЇНИ","50.451125","30.480932",5,"18","0","0"
"КІРОВОГРАДСЬКА","01994921","КОМУНАЛЬНЕ НЕКОМЕРЦІЙНЕ ПІДПРИЄМСТВО ""ОБЛАСНА КЛІНІЧНА ДИТЯЧА ЛІКАРНЯ КІРОВОГРАДСЬКОЇ ОБЛАСНОЇ РАДИ""","48.501964","32.277711",1,"2","0","0"
"КІРОВОГРАДСЬКА","01994921","КОМУНАЛЬНЕ НЕКОМЕРЦІЙНЕ ПІДПРИЄМСТВО ""ОБЛАСНА КЛІНІЧНА ДИТЯЧА ЛІКАРНЯ КІРОВОГРАДСЬКОЇ ОБЛАСНОЇ РАДИ""","48.501964","32.277711",2,"1","0","0"
"КІРОВОГРАДСЬКА","01994921","КОМУНАЛЬНЕ НЕКОМЕРЦІЙНЕ ПІДПРИЄМСТВО ""ОБЛАСНА КЛІНІЧНА ДИТЯЧА ЛІКАРНЯ КІРОВОГРАДСЬКОЇ ОБЛАСНОЇ РАДИ""","48.501964","32.277711",3,"1","0","0"
"КІРОВОГРАДСЬКА","01994921","КОМУНАЛЬНЕ НЕКОМЕРЦІЙНЕ ПІДПРИЄМСТВО ""ОБЛАСНА КЛІНІЧНА ДИТЯЧА ЛІКАРНЯ КІРОВОГРАДСЬКОЇ ОБЛАСНОЇ РАДИ""","48.501964","32.277711",4,"1","0","0"
"КІРОВОГРАДСЬКА","01994959","КОМУНАЛЬНЕ НЕКОМЕРЦІЙНЕ ПІДПРИЄМСТВО ""ОБЛАСНИЙ КЛІНІЧНИЙ ОНКОЛОГІЧНИЙ ЦЕНТР КІРОВОГРАДСЬКОЇ ОБЛАСНОЇ РАДИ""","48.502752","32.297970",1,"0","247","609"
"КІРОВОГРАДСЬКА","01994959","КОМУНАЛЬНЕ НЕКОМЕРЦІЙНЕ ПІДПРИЄМСТВО ""ОБЛАСНИЙ КЛІНІЧНИЙ ОНКОЛОГІЧНИЙ ЦЕНТР КІРОВОГРАДСЬКОЇ ОБЛАСНОЇ РАДИ""","48.502752","32.297970",2,"0","233","619"
"КІРОВОГРАДСЬКА","01994959","КОМУНАЛЬНЕ НЕКОМЕРЦІЙНЕ ПІДПРИЄМСТВО ""ОБЛАСНИЙ КЛІНІЧНИЙ ОНКОЛОГІЧНИЙ ЦЕНТР КІРОВОГРАДСЬКОЇ ОБЛАСНОЇ РАДИ""","48.502752","32.297970",3,"0","289","672"
"КІРОВОГРАДСЬКА","01994959","КОМУНАЛЬНЕ НЕКОМЕРЦІЙНЕ ПІДПРИЄМСТВО ""ОБЛАСНИЙ КЛІНІЧНИЙ ОНКОЛОГІЧНИЙ ЦЕНТР КІРОВОГРАДСЬКОЇ ОБЛАСНОЇ РАДИ""","48.502752","32.297970",4,"0","230","618"
"КІРОВОГРАДСЬКА","01994959","КОМУНАЛЬНЕ НЕКОМЕРЦІЙНЕ ПІДПРИЄМСТВО ""ОБЛАСНИЙ КЛІНІЧНИЙ ОНКОЛОГІЧНИЙ ЦЕНТР КІРОВОГРАДСЬКОЇ ОБЛАСНОЇ РАДИ""","48.502752","32.297970",5,"0","189","643"
"ЛЬВІВСЬКА","01996711","КОМУНАЛЬНЕ НЕКОМЕРЦІЙНЕ ПІДПРИЄМСТВО ЛЬВІВСЬКОЇ ОБЛАСНОЇ РАДИ ""ЛЬВІВСЬКА ОБЛАСНА КЛІНІЧНА ЛІКАРНЯ""","49.838858","24.046632",1,"0","0","24"
"ЛЬВІВСЬКА","01996711","КОМУНАЛЬНЕ НЕКОМЕРЦІЙНЕ ПІДПРИЄМСТВО ЛЬВІВСЬКОЇ ОБЛАСНОЇ РАДИ ""ЛЬВІВСЬКА ОБЛАСНА КЛІНІЧНА ЛІКАРНЯ""","49.838858","24.046632",2,"0","0","32"
"ЛЬВІВСЬКА","01996711","КОМУНАЛЬНЕ НЕКОМЕРЦІЙНЕ ПІДПРИЄМСТВО ЛЬВІВСЬКОЇ ОБЛАСНОЇ РАДИ ""ЛЬВІВСЬКА ОБЛАСНА КЛІНІЧНА ЛІКАРНЯ""","49.838858","24.046632",3,"0","0","50"
"ЛЬВІВСЬКА","01996711","КОМУНАЛЬНЕ НЕКОМЕРЦІЙНЕ ПІДПРИЄМСТВО ЛЬВІВСЬКОЇ ОБЛАСНОЇ РАДИ ""ЛЬВІВСЬКА ОБЛАСНА КЛІНІЧНА ЛІКАРНЯ""","49.838858","24.046632",4,"0","0","54"
"ЛЬВІВСЬКА","01996711","КОМУНАЛЬНЕ НЕКОМЕРЦІЙНЕ ПІДПРИЄМСТВО ЛЬВІВСЬКОЇ ОБЛАСНОЇ РАДИ ""ЛЬВІВСЬКА ОБЛАСНА КЛІНІЧНА ЛІКАРНЯ""","49.838858","24.046632",5,"0","0","55"
"ЛЬВІВСЬКА","01996728","КОМУНАЛЬНЕ НЕКОМЕРЦІЙНЕ ПІДПРИЄМСТВО  ЛЬВІВСЬКОЇ ОБЛАСНОЇ РАДИ ""КЛІНІЧНИЙ ЦЕНТР ДИТЯЧОЇ МЕДИЦИНИ""","49.842724","24.044172",1,"36","0","1"
"ЛЬВІВСЬКА","01996728","КОМУНАЛЬНЕ НЕКОМЕРЦІЙНЕ ПІДПРИЄМСТВО  ЛЬВІВСЬКОЇ ОБЛАСНОЇ РАДИ ""КЛІНІЧНИЙ ЦЕНТР ДИТЯЧОЇ МЕДИЦИНИ""","49.842724","24.044172",2,"31","0","1"
"ЛЬВІВСЬКА","01996728","КОМУНАЛЬНЕ НЕКОМЕРЦІЙНЕ ПІДПРИЄМСТВО  ЛЬВІВСЬКОЇ ОБЛАСНОЇ РАДИ ""КЛІНІЧНИЙ ЦЕНТР ДИТЯЧОЇ МЕДИЦИНИ""","49.842724","24.044172",3,"31","0","1"
"ЛЬВІВСЬКА","01996728","КОМУНАЛЬНЕ НЕКОМЕРЦІЙНЕ ПІДПРИЄМСТВО  ЛЬВІВСЬКОЇ ОБЛАСНОЇ РАДИ ""КЛІНІЧНИЙ ЦЕНТР ДИТЯЧОЇ МЕДИЦИНИ""","49.842724","24.044172",4,"38","0","1"
"ЛЬВІВСЬКА","01996728","КОМУНАЛЬНЕ НЕКОМЕРЦІЙНЕ ПІДПРИЄМСТВО  ЛЬВІВСЬКОЇ ОБЛАСНОЇ РАДИ ""КЛІНІЧНИЙ ЦЕНТР ДИТЯЧОЇ МЕДИЦИНИ""","49.842724","24.044172",5,"44","0","2"
"ЛЬВІВСЬКА","01996792","КОМУНАЛЬНЕ НЕКОМЕРЦІЙНЕ ПІДПРИЄМСТВО ЛЬВІВСЬКОЇ ОБЛАСНОЇ РАДИ ""ЛЬВІВСЬКИЙ ОНКОЛОГІЧНИЙ РЕГІОНАЛЬНИЙ ЛІКУВАЛЬНО-ДІАГНОСТИЧНИЙ ЦЕНТР""","49.794919","24.023457",1,"0","2264","382"
"ЛЬВІВСЬКА","01996792","КОМУНАЛЬНЕ НЕКОМЕРЦІЙНЕ ПІДПРИЄМСТВО ЛЬВІВСЬКОЇ ОБЛАСНОЇ РАДИ ""ЛЬВІВСЬКИЙ ОНКОЛОГІЧНИЙ РЕГІОНАЛЬНИЙ ЛІКУВАЛЬНО-ДІАГНОСТИЧНИЙ ЦЕНТР""","49.794919","24.023457",2,"0","2082","424"
"ЛЬВІВСЬКА","01996792","КОМУНАЛЬНЕ НЕКОМЕРЦІЙНЕ ПІДПРИЄМСТВО ЛЬВІВСЬКОЇ ОБЛАСНОЇ РАДИ ""ЛЬВІВСЬКИЙ ОНКОЛОГІЧНИЙ РЕГІОНАЛЬНИЙ ЛІКУВАЛЬНО-ДІАГНОСТИЧНИЙ ЦЕНТР""","49.794919","24.023457",3,"0","2040","477"
"ЛЬВІВСЬКА","01996792","КОМУНАЛЬНЕ НЕКОМЕРЦІЙНЕ ПІДПРИЄМСТВО ЛЬВІВСЬКОЇ ОБЛАСНОЇ РАДИ ""ЛЬВІВСЬКИЙ ОНКОЛОГІЧНИЙ РЕГІОНАЛЬНИЙ ЛІКУВАЛЬНО-ДІАГНОСТИЧНИЙ ЦЕНТР""","49.794919","24.023457",4,"0","2382","410"
"ЛЬВІВСЬКА","01996792","КОМУНАЛЬНЕ НЕКОМЕРЦІЙНЕ ПІДПРИЄМСТВО ЛЬВІВСЬКОЇ ОБЛАСНОЇ РАДИ ""ЛЬВІВСЬКИЙ ОНКОЛОГІЧНИЙ РЕГІОНАЛЬНИЙ ЛІКУВАЛЬНО-ДІАГНОСТИЧНИЙ ЦЕНТР""","49.794919","24.023457",5,"0","2232","388"
"ЛЬВІВСЬКА","01996869","КОМУНАЛЬНЕ НЕКОМЕРЦІЙНЕ ПІДПРИЄМСТВО""ЦЕНТРАЛЬНА МІСЬКА ЛІКАРНЯ ШЕПТИЦЬКОЇ МІСЬКОЇ РАДИ""","50.389173","24.248151",1,"0","0","47"
"ЛЬВІВСЬКА","01996869","КОМУНАЛЬНЕ НЕКОМЕРЦІЙНЕ ПІДПРИЄМСТВО""ЦЕНТРАЛЬНА МІСЬКА ЛІКАРНЯ ШЕПТИЦЬКОЇ МІСЬКОЇ РАДИ""","50.389173","24.248151",2,"0","0","47"
"ЛЬВІВСЬКА","01996869","КОМУНАЛЬНЕ НЕКОМЕРЦІЙНЕ ПІДПРИЄМСТВО""ЦЕНТРАЛЬНА МІСЬКА ЛІКАРНЯ ШЕПТИЦЬКОЇ МІСЬКОЇ РАДИ""","50.389173","24.248151",3,"0","0","46"
"ЛЬВІВСЬКА","01996869","КОМУНАЛЬНЕ НЕКОМЕРЦІЙНЕ ПІДПРИЄМСТВО""ЦЕНТРАЛЬНА МІСЬКА ЛІКАРНЯ ШЕПТИЦЬКОЇ МІСЬКОЇ РАДИ""","50.389173","24.248151",4,"0","0","39"
"ЛЬВІВСЬКА","01996869","КОМУНАЛЬНЕ НЕКОМЕРЦІЙНЕ ПІДПРИЄМСТВО""ЦЕНТРАЛЬНА МІСЬКА ЛІКАРНЯ ШЕПТИЦЬКОЇ МІСЬКОЇ РАДИ""","50.389173","24.248151",5,"0","0","40"
"ЛЬВІВСЬКА","01997461","КОМУНАЛЬНЕ НЕКОМЕРЦІЙНЕ ПІДПРИЄМСТВО САМБІРСЬКОЇ МІСЬКОЇ РАДИ  ""САМБІРСЬКА ЦЕНТРАЛЬНА  ЛІКАРНЯ""","49.510837","23.196499",1,"0","0","26"
"ЛЬВІВСЬКА","01997461","КОМУНАЛЬНЕ НЕКОМЕРЦІЙНЕ ПІДПРИЄМСТВО САМБІРСЬКОЇ МІСЬКОЇ РАДИ  ""САМБІРСЬКА ЦЕНТРАЛЬНА  ЛІКАРНЯ""","49.510837","23.196499",2,"0","0","20"
"ЛЬВІВСЬКА","01997461","КОМУНАЛЬНЕ НЕКОМЕРЦІЙНЕ ПІДПРИЄМСТВО САМБІРСЬКОЇ МІСЬКОЇ РАДИ  ""САМБІРСЬКА ЦЕНТРАЛЬНА  ЛІКАРНЯ""","49.510837","23.196499",3,"0","0","31"
"ЛЬВІВСЬКА","01997461","КОМУНАЛЬНЕ НЕКОМЕРЦІЙНЕ ПІДПРИЄМСТВО САМБІРСЬКОЇ МІСЬКОЇ РАДИ  ""САМБІРСЬКА ЦЕНТРАЛЬНА  ЛІКАРНЯ""","49.510837","23.196499",4,"0","0","24"
"ЛЬВІВСЬКА","01997461","КОМУНАЛЬНЕ НЕКОМЕРЦІЙНЕ ПІДПРИЄМСТВО САМБІРСЬКОЇ МІСЬКОЇ РАДИ  ""САМБІРСЬКА ЦЕНТРАЛЬНА  ЛІКАРНЯ""","49.510837","23.196499",5,"0","0","21"
"МИКОЛАЇВСЬКА","01998383","КОМУНАЛЬНЕ НЕКОМЕРЦІЙНЕ ПІДПРИЄМСТВО ""МИКОЛАЇВСЬКА ОБЛАСНА КЛІНІЧНА ЛІКАРНЯ"" МИКОЛАЇВСЬКОЇ ОБЛАСНОЇ РАДИ","46.953390","31.943564",1,"0","0","1"
"МИКОЛАЇВСЬКА","01998383","КОМУНАЛЬНЕ НЕКОМЕРЦІЙНЕ ПІДПРИЄМСТВО ""МИКОЛАЇВСЬКА ОБЛАСНА КЛІНІЧНА ЛІКАРНЯ"" МИКОЛАЇВСЬКОЇ ОБЛАСНОЇ РАДИ","46.953390","31.943564",2,"0","0","8"
"МИКОЛАЇВСЬКА","01998383","КОМУНАЛЬНЕ НЕКОМЕРЦІЙНЕ ПІДПРИЄМСТВО ""МИКОЛАЇВСЬКА ОБЛАСНА КЛІНІЧНА ЛІКАРНЯ"" МИКОЛАЇВСЬКОЇ ОБЛАСНОЇ РАДИ","46.953390","31.943564",3,"0","0","8"
"МИКОЛАЇВСЬКА","01998383","КОМУНАЛЬНЕ НЕКОМЕРЦІЙНЕ ПІДПРИЄМСТВО ""МИКОЛАЇВСЬКА ОБЛАСНА КЛІНІЧНА ЛІКАРНЯ"" МИКОЛАЇВСЬКОЇ ОБЛАСНОЇ РАДИ","46.953390","31.943564",4,"0","0","11"
"МИКОЛАЇВСЬКА","01998383","КОМУНАЛЬНЕ НЕКОМЕРЦІЙНЕ ПІДПРИЄМСТВО ""МИКОЛАЇВСЬКА ОБЛАСНА КЛІНІЧНА ЛІКАРНЯ"" МИКОЛАЇВСЬКОЇ ОБЛАСНОЇ РАДИ","46.953390","31.943564",5,"0","0","8"
"ОДЕСЬКА","01998526","КОМУНАЛЬНЕ НЕКОМЕРЦІЙНЕ ПІДПРИЄМСТВО ""ОДЕСЬКА ОБЛАСНА КЛІНІЧНА ЛІКАРНЯ"" ОДЕСЬКОЇ ОБЛАСНОЇ РАДИ""","46.586311","30.781504",1,"0","2","31"
"ОДЕСЬКА","01998526","КОМУНАЛЬНЕ НЕКОМЕРЦІЙНЕ ПІДПРИЄМСТВО ""ОДЕСЬКА ОБЛАСНА КЛІНІЧНА ЛІКАРНЯ"" ОДЕСЬКОЇ ОБЛАСНОЇ РАДИ""","46.586311","30.781504",2,"0","0","32"
"ОДЕСЬКА","01998526","КОМУНАЛЬНЕ НЕКОМЕРЦІЙНЕ ПІДПРИЄМСТВО ""ОДЕСЬКА ОБЛАСНА КЛІНІЧНА ЛІКАРНЯ"" ОДЕСЬКОЇ ОБЛАСНОЇ РАДИ""","46.586311","30.781504",3,"0","2","29"
"ОДЕСЬКА","01998526","КОМУНАЛЬНЕ НЕКОМЕРЦІЙНЕ ПІДПРИЄМСТВО ""ОДЕСЬКА ОБЛАСНА КЛІНІЧНА ЛІКАРНЯ"" ОДЕСЬКОЇ ОБЛАСНОЇ РАДИ""","46.586311","30.781504",4,"0","4","30"
"ОДЕСЬКА","01998526","КОМУНАЛЬНЕ НЕКОМЕРЦІЙНЕ ПІДПРИЄМСТВО ""ОДЕСЬКА ОБЛАСНА КЛІНІЧНА ЛІКАРНЯ"" ОДЕСЬКОЇ ОБЛАСНОЇ РАДИ""","46.586311","30.781504",5,"0","4","22"
"ОДЕСЬКА","01998532","КОМУНАЛЬНЕ НЕКОМЕРЦІЙНЕ ПІДПРИЄМСТВО ""ОДЕСЬКА ОБЛАСНА ДИТЯЧА КЛІНІЧНА ЛІКАРНЯ"" ОДЕСЬКОЇ ОБЛАСНОЇ РАДИ""","46.483728","30.692953",1,"6","0","0"
"ОДЕСЬКА","01998532","КОМУНАЛЬНЕ НЕКОМЕРЦІЙНЕ ПІДПРИЄМСТВО ""ОДЕСЬКА ОБЛАСНА ДИТЯЧА КЛІНІЧНА ЛІКАРНЯ"" ОДЕСЬКОЇ ОБЛАСНОЇ РАДИ""","46.483728","30.692953",2,"5","0","0"
"ОДЕСЬКА","01998532","КОМУНАЛЬНЕ НЕКОМЕРЦІЙНЕ ПІДПРИЄМСТВО ""ОДЕСЬКА ОБЛАСНА ДИТЯЧА КЛІНІЧНА ЛІКАРНЯ"" ОДЕСЬКОЇ ОБЛАСНОЇ РАДИ""","46.483728","30.692953",3,"6","0","0"
"ОДЕСЬКА","01998532","КОМУНАЛЬНЕ НЕКОМЕРЦІЙНЕ ПІДПРИЄМСТВО ""ОДЕСЬКА ОБЛАСНА ДИТЯЧА КЛІНІЧНА ЛІКАРНЯ"" ОДЕСЬКОЇ ОБЛАСНОЇ РАДИ""","46.483728","30.692953",4,"7","0","0"
"ОДЕСЬКА","01998532","КОМУНАЛЬНЕ НЕКОМЕРЦІЙНЕ ПІДПРИЄМСТВО ""ОДЕСЬКА ОБЛАСНА ДИТЯЧА КЛІНІЧНА ЛІКАРНЯ"" ОДЕСЬКОЇ ОБЛАСНОЇ РАДИ""","46.483728","30.692953",5,"5","0","0"
"ОДЕСЬКА","01998986","КОМУНАЛЬНЕ НЕКОМЕРЦІЙНЕ ПІДПРИЄМСТВО ""МІСЬКА КЛІНІЧНА ЛІКАРНЯ №1"" ОДЕСЬКОЇ МІСЬКОЇ РАДИ","46.467826","30.737738",1,"0","0","10"
"ОДЕСЬКА","01998986","КОМУНАЛЬНЕ НЕКОМЕРЦІЙНЕ ПІДПРИЄМСТВО ""МІСЬКА КЛІНІЧНА ЛІКАРНЯ №1"" ОДЕСЬКОЇ МІСЬКОЇ РАДИ","46.467826","30.737738",2,"0","0","9"
"ОДЕСЬКА","01998986","КОМУНАЛЬНЕ НЕКОМЕРЦІЙНЕ ПІДПРИЄМСТВО ""МІСЬКА КЛІНІЧНА ЛІКАРНЯ №1"" ОДЕСЬКОЇ МІСЬКОЇ РАДИ","46.467826","30.737738",3,"0","0","7"
"ОДЕСЬКА","01998986","КОМУНАЛЬНЕ НЕКОМЕРЦІЙНЕ ПІДПРИЄМСТВО ""МІСЬКА КЛІНІЧНА ЛІКАРНЯ №1"" ОДЕСЬКОЇ МІСЬКОЇ РАДИ","46.467826","30.737738",4,"0","0","4"
"ОДЕСЬКА","01998986","КОМУНАЛЬНЕ НЕКОМЕРЦІЙНЕ ПІДПРИЄМСТВО ""МІСЬКА КЛІНІЧНА ЛІКАРНЯ №1"" ОДЕСЬКОЇ МІСЬКОЇ РАДИ","46.467826","30.737738",5,"0","0","3"
"ОДЕСЬКА","01999052","КОМУНАЛЬНЕ НЕКОМЕРЦІЙНЕ ПІДПРИЄМСТВО ""МІСЬКА КЛІНІЧНА ЛІКАРНЯ № 10"" ОДЕСЬКОЇ МІСЬКОЇ РАДИ","46.443953","30.709863",1,"0","195","0"
"ОДЕСЬКА","01999052","КОМУНАЛЬНЕ НЕКОМЕРЦІЙНЕ ПІДПРИЄМСТВО ""МІСЬКА КЛІНІЧНА ЛІКАРНЯ № 10"" ОДЕСЬКОЇ МІСЬКОЇ РАДИ","46.443953","30.709863",2,"0","216","0"
"ОДЕСЬКА","01999052","КОМУНАЛЬНЕ НЕКОМЕРЦІЙНЕ ПІДПРИЄМСТВО ""МІСЬКА КЛІНІЧНА ЛІКАРНЯ № 10"" ОДЕСЬКОЇ МІСЬКОЇ РАДИ","46.443953","30.709863",3,"0","244","0"
"ОДЕСЬКА","01999052","КОМУНАЛЬНЕ НЕКОМЕРЦІЙНЕ ПІДПРИЄМСТВО ""МІСЬКА КЛІНІЧНА ЛІКАРНЯ № 10"" ОДЕСЬКОЇ МІСЬКОЇ РАДИ","46.443953","30.709863",4,"0","267","0"
"ОДЕСЬКА","01999052","КОМУНАЛЬНЕ НЕКОМЕРЦІЙНЕ ПІДПРИЄМСТВО ""МІСЬКА КЛІНІЧНА ЛІКАРНЯ № 10"" ОДЕСЬКОЇ МІСЬКОЇ РАДИ","46.443953","30.709863",5,"0","265","0"
"ПОЛТАВСЬКА","01999388","Комунальне підприємство ""Лубенська лікарня інтенсивного лікування"" Лубенської міської ради Лубенського району Полтавської області","50.001340","32.991632",1,"0","0","64"
"ПОЛТАВСЬКА","01999388","Комунальне підприємство ""Лубенська лікарня інтенсивного лікування"" Лубенської міської ради Лубенського району Полтавської області","50.001340","32.991632",2,"0","0","66"
"ПОЛТАВСЬКА","01999388","Комунальне підприємство ""Лубенська лікарня інтенсивного лікування"" Лубенської міської ради Лубенського району Полтавської області","50.001340","32.991632",3,"0","0","82"
"ПОЛТАВСЬКА","01999388","Комунальне підприємство ""Лубенська лікарня інтенсивного лікування"" Лубенської міської ради Лубенського району Полтавської області","50.001340","32.991632",4,"0","0","73"
"ПОЛТАВСЬКА","01999388","Комунальне підприємство ""Лубенська лікарня інтенсивного лікування"" Лубенської міської ради Лубенського району Полтавської області","50.001340","32.991632",5,"0","0","50"
"ПОЛТАВСЬКА","01999559","КОМУНАЛЬНЕ ПІДПРИЄМСТВО ""КРЕМЕНЧУЦЬКИЙ ОБЛАСНИЙ ОНКОЛОГІЧНИЙ ДИСПАНСЕР ПОЛТАВСЬКОЇ ОБЛАСНОЇ РАДИ""","49.083868","33.410871",1,"0","357","289"
"ПОЛТАВСЬКА","01999559","КОМУНАЛЬНЕ ПІДПРИЄМСТВО ""КРЕМЕНЧУЦЬКИЙ ОБЛАСНИЙ ОНКОЛОГІЧНИЙ ДИСПАНСЕР ПОЛТАВСЬКОЇ ОБЛАСНОЇ РАДИ""","49.083868","33.410871",2,"0","414","285"
"ПОЛТАВСЬКА","01999559","КОМУНАЛЬНЕ ПІДПРИЄМСТВО ""КРЕМЕНЧУЦЬКИЙ ОБЛАСНИЙ ОНКОЛОГІЧНИЙ ДИСПАНСЕР ПОЛТАВСЬКОЇ ОБЛАСНОЇ РАДИ""","49.083868","33.410871",3,"0","347","278"
"ПОЛТАВСЬКА","01999559","КОМУНАЛЬНЕ ПІДПРИЄМСТВО ""КРЕМЕНЧУЦЬКИЙ ОБЛАСНИЙ ОНКОЛОГІЧНИЙ ДИСПАНСЕР ПОЛТАВСЬКОЇ ОБЛАСНОЇ РАДИ""","49.083868","33.410871",4,"0","504","298"
"ПОЛТАВСЬКА","01999559","КОМУНАЛЬНЕ ПІДПРИЄМСТВО ""КРЕМЕНЧУЦЬКИЙ ОБЛАСНИЙ ОНКОЛОГІЧНИЙ ДИСПАНСЕР ПОЛТАВСЬКОЇ ОБЛАСНОЇ РАДИ""","49.083868","33.410871",5,"0","444","291"
"ПОЛТАВСЬКА","01999684","КОМУНАЛЬНЕ ПІДПРИЄМСТВО ""ДИТЯЧА  МІСЬКА КЛІНІЧНА ЛІКАРНЯ ПОЛТАВСЬКОЇ МІСЬКОЇ РАДИ""","49.572353","34.577361",1,"3","0","0"
"ПОЛТАВСЬКА","01999684","КОМУНАЛЬНЕ ПІДПРИЄМСТВО ""ДИТЯЧА  МІСЬКА КЛІНІЧНА ЛІКАРНЯ ПОЛТАВСЬКОЇ МІСЬКОЇ РАДИ""","49.572353","34.577361",4,"4","0","0"
"ПОЛТАВСЬКА","01999684","КОМУНАЛЬНЕ ПІДПРИЄМСТВО ""ДИТЯЧА  МІСЬКА КЛІНІЧНА ЛІКАРНЯ ПОЛТАВСЬКОЇ МІСЬКОЇ РАДИ""","49.572353","34.577361",5,"4","0","0"
"РІВНЕНСЬКА","02000085","КОМУНАЛЬНЕ НЕКОМЕРЦІЙНЕ ПІДПРИЄМСТВО ""ЦЕНТРАЛЬНА МІСЬКА ЛІКАРНЯ"" РІВНЕНСЬКОЇ МІСЬКОЇ РАДИ","50.604319","26.266677",2,"0","0","5"
"РІВНЕНСЬКА","02000085","КОМУНАЛЬНЕ НЕКОМЕРЦІЙНЕ ПІДПРИЄМСТВО ""ЦЕНТРАЛЬНА МІСЬКА ЛІКАРНЯ"" РІВНЕНСЬКОЇ МІСЬКОЇ РАДИ","50.604319","26.266677",3,"0","0","13"
"РІВНЕНСЬКА","02000085","КОМУНАЛЬНЕ НЕКОМЕРЦІЙНЕ ПІДПРИЄМСТВО ""ЦЕНТРАЛЬНА МІСЬКА ЛІКАРНЯ"" РІВНЕНСЬКОЇ МІСЬКОЇ РАДИ","50.604319","26.266677",4,"0","0","4"
"РІВНЕНСЬКА","02000085","КОМУНАЛЬНЕ НЕКОМЕРЦІЙНЕ ПІДПРИЄМСТВО ""ЦЕНТРАЛЬНА МІСЬКА ЛІКАРНЯ"" РІВНЕНСЬКОЇ МІСЬКОЇ РАДИ","50.604319","26.266677",5,"0","0","6"
"РІВНЕНСЬКА","02000205","КОМУНАЛЬНЕ ПІДПРИЄМСТВО ""РІВНЕНСЬКИЙ ОБЛАСНИЙ ПРОТИПУХЛИННИЙ ЦЕНТР"" РІВНЕНСЬКОЇ ОБЛАСНОЇ РАДИ","50.612598","26.220845",1,"0","496","510"
"РІВНЕНСЬКА","02000205","КОМУНАЛЬНЕ ПІДПРИЄМСТВО ""РІВНЕНСЬКИЙ ОБЛАСНИЙ ПРОТИПУХЛИННИЙ ЦЕНТР"" РІВНЕНСЬКОЇ ОБЛАСНОЇ РАДИ","50.612598","26.220845",2,"0","462","531"
"РІВНЕНСЬКА","02000205","КОМУНАЛЬНЕ ПІДПРИЄМСТВО ""РІВНЕНСЬКИЙ ОБЛАСНИЙ ПРОТИПУХЛИННИЙ ЦЕНТР"" РІВНЕНСЬКОЇ ОБЛАСНОЇ РАДИ","50.612598","26.220845",3,"0","464","580"
"РІВНЕНСЬКА","02000205","КОМУНАЛЬНЕ ПІДПРИЄМСТВО ""РІВНЕНСЬКИЙ ОБЛАСНИЙ ПРОТИПУХЛИННИЙ ЦЕНТР"" РІВНЕНСЬКОЇ ОБЛАСНОЇ РАДИ","50.612598","26.220845",4,"0","394","578"
"РІВНЕНСЬКА","02000205","КОМУНАЛЬНЕ ПІДПРИЄМСТВО ""РІВНЕНСЬКИЙ ОБЛАСНИЙ ПРОТИПУХЛИННИЙ ЦЕНТР"" РІВНЕНСЬКОЇ ОБЛАСНОЇ РАДИ","50.612598","26.220845",5,"0","384","610"
"ТЕРНОПІЛЬСЬКА","02001274","КОМУНАЛЬНЕ НЕКОМЕРЦІЙНЕ ПІДПРИЄМСТВО ""ТЕРНОПІЛЬСЬКИЙ ОБЛАСНИЙ КЛІНІЧНИЙ ОНКОЛОГІЧНИЙ ДИСПАНСЕР"" ТЕРНОПІЛЬСЬКОЇ ОБЛАСНОЇ РАДИ","49.554021","25.640777",1,"0","274","383"
"ТЕРНОПІЛЬСЬКА","02001274","КОМУНАЛЬНЕ НЕКОМЕРЦІЙНЕ ПІДПРИЄМСТВО ""ТЕРНОПІЛЬСЬКИЙ ОБЛАСНИЙ КЛІНІЧНИЙ ОНКОЛОГІЧНИЙ ДИСПАНСЕР"" ТЕРНОПІЛЬСЬКОЇ ОБЛАСНОЇ РАДИ","49.554021","25.640777",2,"0","285","403"
"ТЕРНОПІЛЬСЬКА","02001274","КОМУНАЛЬНЕ НЕКОМЕРЦІЙНЕ ПІДПРИЄМСТВО ""ТЕРНОПІЛЬСЬКИЙ ОБЛАСНИЙ КЛІНІЧНИЙ ОНКОЛОГІЧНИЙ ДИСПАНСЕР"" ТЕРНОПІЛЬСЬКОЇ ОБЛАСНОЇ РАДИ","49.554021","25.640777",3,"0","315","434"
"ТЕРНОПІЛЬСЬКА","02001274","КОМУНАЛЬНЕ НЕКОМЕРЦІЙНЕ ПІДПРИЄМСТВО ""ТЕРНОПІЛЬСЬКИЙ ОБЛАСНИЙ КЛІНІЧНИЙ ОНКОЛОГІЧНИЙ ДИСПАНСЕР"" ТЕРНОПІЛЬСЬКОЇ ОБЛАСНОЇ РАДИ","49.554021","25.640777",4,"0","263","427"
"ТЕРНОПІЛЬСЬКА","02001274","КОМУНАЛЬНЕ НЕКОМЕРЦІЙНЕ ПІДПРИЄМСТВО ""ТЕРНОПІЛЬСЬКИЙ ОБЛАСНИЙ КЛІНІЧНИЙ ОНКОЛОГІЧНИЙ ДИСПАНСЕР"" ТЕРНОПІЛЬСЬКОЇ ОБЛАСНОЇ РАДИ","49.554021","25.640777",5,"0","277","362"
"ХАРКІВСЬКА","02003511","КОМУНАЛЬНЕ НЕКОМЕРЦІЙНЕ ПІДПРИЄМСТВО ""МІСЬКА БАГАТОПРОФІЛЬНА ЛІКАРНЯ № 18"" ХАРКІВСЬКОЇ МІСЬКОЇ РАДИ","49.978145","36.330652",4,"0","0","1"
"ХАРКІВСЬКА","02003511","КОМУНАЛЬНЕ НЕКОМЕРЦІЙНЕ ПІДПРИЄМСТВО ""МІСЬКА БАГАТОПРОФІЛЬНА ЛІКАРНЯ № 18"" ХАРКІВСЬКОЇ МІСЬКОЇ РАДИ","49.978145","36.330652",5,"0","0","3"
"ХАРКІВСЬКА","02003570","КОМУНАЛЬНЕ НЕКОМЕРЦІЙНЕ ПІДПРИЄМСТВО ХАРКІВСЬКОЇ ОБЛАСНОЇ РАДИ ""ОБЛАСНИЙ КАРДІОЛОГІЧНИЙ ЦЕНТР""","50.002013","36.307399",1,"0","0","6"
"ХАРКІВСЬКА","02003570","КОМУНАЛЬНЕ НЕКОМЕРЦІЙНЕ ПІДПРИЄМСТВО ХАРКІВСЬКОЇ ОБЛАСНОЇ РАДИ ""ОБЛАСНИЙ КАРДІОЛОГІЧНИЙ ЦЕНТР""","50.002013","36.307399",2,"0","0","7"
"ХАРКІВСЬКА","02003570","КОМУНАЛЬНЕ НЕКОМЕРЦІЙНЕ ПІДПРИЄМСТВО ХАРКІВСЬКОЇ ОБЛАСНОЇ РАДИ ""ОБЛАСНИЙ КАРДІОЛОГІЧНИЙ ЦЕНТР""","50.002013","36.307399",3,"0","0","7"
"ХАРКІВСЬКА","02003570","КОМУНАЛЬНЕ НЕКОМЕРЦІЙНЕ ПІДПРИЄМСТВО ХАРКІВСЬКОЇ ОБЛАСНОЇ РАДИ ""ОБЛАСНИЙ КАРДІОЛОГІЧНИЙ ЦЕНТР""","50.002013","36.307399",4,"0","0","8"
"ХАРКІВСЬКА","02003570","КОМУНАЛЬНЕ НЕКОМЕРЦІЙНЕ ПІДПРИЄМСТВО ХАРКІВСЬКОЇ ОБЛАСНОЇ РАДИ ""ОБЛАСНИЙ КАРДІОЛОГІЧНИЙ ЦЕНТР""","50.002013","36.307399",5,"0","0","12"
"ХАРКІВСЬКА","02003600","КОМУНАЛЬНЕ НЕКОМЕРЦІЙНЕ ПІДПРИЄМСТВО ХАРКІВСЬКОЇ ОБЛАСНОЇ РАДИ ""ОБЛАСНА ДИТЯЧА КЛІНІЧНА ЛІКАРНЯ""","49.987502","36.192884",1,"3","0","0"
"ХАРКІВСЬКА","02003600","КОМУНАЛЬНЕ НЕКОМЕРЦІЙНЕ ПІДПРИЄМСТВО ХАРКІВСЬКОЇ ОБЛАСНОЇ РАДИ ""ОБЛАСНА ДИТЯЧА КЛІНІЧНА ЛІКАРНЯ""","49.987502","36.192884",2,"3","0","0"
"ХАРКІВСЬКА","02003600","КОМУНАЛЬНЕ НЕКОМЕРЦІЙНЕ ПІДПРИЄМСТВО ХАРКІВСЬКОЇ ОБЛАСНОЇ РАДИ ""ОБЛАСНА ДИТЯЧА КЛІНІЧНА ЛІКАРНЯ""","49.987502","36.192884",3,"2","0","0"
"ХАРКІВСЬКА","02003600","КОМУНАЛЬНЕ НЕКОМЕРЦІЙНЕ ПІДПРИЄМСТВО ХАРКІВСЬКОЇ ОБЛАСНОЇ РАДИ ""ОБЛАСНА ДИТЯЧА КЛІНІЧНА ЛІКАРНЯ""","49.987502","36.192884",4,"1","0","0"
"ХАРКІВСЬКА","02003600","КОМУНАЛЬНЕ НЕКОМЕРЦІЙНЕ ПІДПРИЄМСТВО ХАРКІВСЬКОЇ ОБЛАСНОЇ РАДИ ""ОБЛАСНА ДИТЯЧА КЛІНІЧНА ЛІКАРНЯ""","49.987502","36.192884",5,"2","0","0"
"ХАРКІВСЬКА","02003787","КОМУНАЛЬНЕ НЕКОМЕРЦІЙНЕ ПІДПРИЄМСТВО ""МІСЬКА КЛІНІЧНА БАГАТОПРОФІЛЬНА ЛІКАРНЯ № 17"" ХАРКІВСЬКОЇ МІСЬКОЇ РАДИ","49.978687","36.290024",1,"0","0","55"
"ХАРКІВСЬКА","02003787","КОМУНАЛЬНЕ НЕКОМЕРЦІЙНЕ ПІДПРИЄМСТВО ""МІСЬКА КЛІНІЧНА БАГАТОПРОФІЛЬНА ЛІКАРНЯ № 17"" ХАРКІВСЬКОЇ МІСЬКОЇ РАДИ","49.978687","36.290024",2,"0","0","58"
"ХАРКІВСЬКА","02003787","КОМУНАЛЬНЕ НЕКОМЕРЦІЙНЕ ПІДПРИЄМСТВО ""МІСЬКА КЛІНІЧНА БАГАТОПРОФІЛЬНА ЛІКАРНЯ № 17"" ХАРКІВСЬКОЇ МІСЬКОЇ РАДИ","49.978687","36.290024",3,"0","0","57"
"ХАРКІВСЬКА","02003787","КОМУНАЛЬНЕ НЕКОМЕРЦІЙНЕ ПІДПРИЄМСТВО ""МІСЬКА КЛІНІЧНА БАГАТОПРОФІЛЬНА ЛІКАРНЯ № 17"" ХАРКІВСЬКОЇ МІСЬКОЇ РАДИ","49.978687","36.290024",4,"0","0","48"
"ХАРКІВСЬКА","02003787","КОМУНАЛЬНЕ НЕКОМЕРЦІЙНЕ ПІДПРИЄМСТВО ""МІСЬКА КЛІНІЧНА БАГАТОПРОФІЛЬНА ЛІКАРНЯ № 17"" ХАРКІВСЬКОЇ МІСЬКОЇ РАДИ","49.978687","36.290024",5,"0","0","49"
"ХМЕЛЬНИЦЬКА","02004634","КОМУНАЛЬНЕ НЕКОМЕРЦІЙНЕ ПІДПРИЄМСТВО ""ХМЕЛЬНИЦЬКА ОБЛАСНА ДИТЯЧА ЛІКАРНЯ"" ХМЕЛЬНИЦЬКОЇ ОБЛАСНОЇ РАДИ","49.411502","26.967980",2,"1","0","0"
"ХМЕЛЬНИЦЬКА","02004634","КОМУНАЛЬНЕ НЕКОМЕРЦІЙНЕ ПІДПРИЄМСТВО ""ХМЕЛЬНИЦЬКА ОБЛАСНА ДИТЯЧА ЛІКАРНЯ"" ХМЕЛЬНИЦЬКОЇ ОБЛАСНОЇ РАДИ","49.411502","26.967980",3,"4","0","0"
"ХМЕЛЬНИЦЬКА","02004634","КОМУНАЛЬНЕ НЕКОМЕРЦІЙНЕ ПІДПРИЄМСТВО ""ХМЕЛЬНИЦЬКА ОБЛАСНА ДИТЯЧА ЛІКАРНЯ"" ХМЕЛЬНИЦЬКОЇ ОБЛАСНОЇ РАДИ","49.411502","26.967980",4,"1","0","0"
"ЧЕРКАСЬКА","02005639","КОМУНАЛЬНЕ  НЕКОМЕРЦІЙНЕ ПІДПРИЄМСТВО  ""КЛІНІЧНИЙ ЦЕНТР ОНКОЛОГІЇ, ГЕМАТОЛОГІЇ,ТРАНСПЛАНТОЛОГІЇ ТА ПАЛІАТИВНОЇ ДОПОМОГИ ЧЕРКАСЬКОЇ ОБЛАСНОЇ РАДИ""","49.464450","32.013356",1,"0","259","656"
"ЧЕРКАСЬКА","02005639","КОМУНАЛЬНЕ  НЕКОМЕРЦІЙНЕ ПІДПРИЄМСТВО  ""КЛІНІЧНИЙ ЦЕНТР ОНКОЛОГІЇ, ГЕМАТОЛОГІЇ,ТРАНСПЛАНТОЛОГІЇ ТА ПАЛІАТИВНОЇ ДОПОМОГИ ЧЕРКАСЬКОЇ ОБЛАСНОЇ РАДИ""","49.464450","32.013356",2,"2","293","644"
"ЧЕРКАСЬКА","02005639","КОМУНАЛЬНЕ  НЕКОМЕРЦІЙНЕ ПІДПРИЄМСТВО  ""КЛІНІЧНИЙ ЦЕНТР ОНКОЛОГІЇ, ГЕМАТОЛОГІЇ,ТРАНСПЛАНТОЛОГІЇ ТА ПАЛІАТИВНОЇ ДОПОМОГИ ЧЕРКАСЬКОЇ ОБЛАСНОЇ РАДИ""","49.464450","32.013356",3,"1","457","661"
"ЧЕРКАСЬКА","02005639","КОМУНАЛЬНЕ  НЕКОМЕРЦІЙНЕ ПІДПРИЄМСТВО  ""КЛІНІЧНИЙ ЦЕНТР ОНКОЛОГІЇ, ГЕМАТОЛОГІЇ,ТРАНСПЛАНТОЛОГІЇ ТА ПАЛІАТИВНОЇ ДОПОМОГИ ЧЕРКАСЬКОЇ ОБЛАСНОЇ РАДИ""","49.464450","32.013356",4,"1","467","671"
"ЧЕРКАСЬКА","02005639","КОМУНАЛЬНЕ  НЕКОМЕРЦІЙНЕ ПІДПРИЄМСТВО  ""КЛІНІЧНИЙ ЦЕНТР ОНКОЛОГІЇ, ГЕМАТОЛОГІЇ,ТРАНСПЛАНТОЛОГІЇ ТА ПАЛІАТИВНОЇ ДОПОМОГИ ЧЕРКАСЬКОЇ ОБЛАСНОЇ РАДИ""","49.464450","32.013356",5,"1","431","698"
"ЧЕРКАСЬКА","02005639","КОМУНАЛЬНЕ  НЕКОМЕРЦІЙНЕ ПІДПРИЄМСТВО  ""КЛІНІЧНИЙ ЦЕНТР ОНКОЛОГІЇ, ГЕМАТОЛОГІЇ,ТРАНСПЛАНТОЛОГІЇ ТА ПАЛІАТИВНОЇ ДОПОМОГИ ЧЕРКАСЬКОЇ ОБЛАСНОЇ РАДИ""","49.464450","32.013356",6,"0","0","13"
"ЧЕРНІГІВСЬКА","02006065","КОМУНАЛЬНЕ НЕКОМЕРЦІЙНЕ ПІДПРИЄМСТВО ""ЧЕРНІГІВСЬКИЙ МЕДИЧНИЙ ЦЕНТР СУЧАСНОЇ ОНКОЛОГІЇ"" ЧЕРНІГІВСЬКОЇ ОБЛАСНОЇ РАДИ","51.492140","31.297880",1,"0","542","265"
"ЧЕРНІГІВСЬКА","02006065","КОМУНАЛЬНЕ НЕКОМЕРЦІЙНЕ ПІДПРИЄМСТВО ""ЧЕРНІГІВСЬКИЙ МЕДИЧНИЙ ЦЕНТР СУЧАСНОЇ ОНКОЛОГІЇ"" ЧЕРНІГІВСЬКОЇ ОБЛАСНОЇ РАДИ","51.492140","31.297880",2,"0","499","277"
"ЧЕРНІГІВСЬКА","02006065","КОМУНАЛЬНЕ НЕКОМЕРЦІЙНЕ ПІДПРИЄМСТВО ""ЧЕРНІГІВСЬКИЙ МЕДИЧНИЙ ЦЕНТР СУЧАСНОЇ ОНКОЛОГІЇ"" ЧЕРНІГІВСЬКОЇ ОБЛАСНОЇ РАДИ","51.492140","31.297880",3,"0","513","287"
"ЧЕРНІГІВСЬКА","02006065","КОМУНАЛЬНЕ НЕКОМЕРЦІЙНЕ ПІДПРИЄМСТВО ""ЧЕРНІГІВСЬКИЙ МЕДИЧНИЙ ЦЕНТР СУЧАСНОЇ ОНКОЛОГІЇ"" ЧЕРНІГІВСЬКОЇ ОБЛАСНОЇ РАДИ","51.492140","31.297880",4,"0","598","268"
"ЧЕРНІГІВСЬКА","02006065","КОМУНАЛЬНЕ НЕКОМЕРЦІЙНЕ ПІДПРИЄМСТВО ""ЧЕРНІГІВСЬКИЙ МЕДИЧНИЙ ЦЕНТР СУЧАСНОЇ ОНКОЛОГІЇ"" ЧЕРНІГІВСЬКОЇ ОБЛАСНОЇ РАДИ","51.492140","31.297880",5,"0","563","239"
"ЧЕРНІГІВСЬКА","02006113","КОМУНАЛЬНЕ НЕКОМЕРЦІЙНЕ ПІДПРИЄМСТВО ""ЧЕРНІГІВСЬКА ОБЛАСНА ЛІКАРНЯ"" ЧЕРНІГІВСЬКОЇ ОБЛАСНОЇ РАДИ","51.526355","31.277195",1,"0","0","24"
"ЧЕРНІГІВСЬКА","02006113","КОМУНАЛЬНЕ НЕКОМЕРЦІЙНЕ ПІДПРИЄМСТВО ""ЧЕРНІГІВСЬКА ОБЛАСНА ЛІКАРНЯ"" ЧЕРНІГІВСЬКОЇ ОБЛАСНОЇ РАДИ","51.526355","31.277195",2,"0","0","25"
"ЧЕРНІГІВСЬКА","02006113","КОМУНАЛЬНЕ НЕКОМЕРЦІЙНЕ ПІДПРИЄМСТВО ""ЧЕРНІГІВСЬКА ОБЛАСНА ЛІКАРНЯ"" ЧЕРНІГІВСЬКОЇ ОБЛАСНОЇ РАДИ","51.526355","31.277195",3,"0","0","22"
"ЧЕРНІГІВСЬКА","02006113","КОМУНАЛЬНЕ НЕКОМЕРЦІЙНЕ ПІДПРИЄМСТВО ""ЧЕРНІГІВСЬКА ОБЛАСНА ЛІКАРНЯ"" ЧЕРНІГІВСЬКОЇ ОБЛАСНОЇ РАДИ","51.526355","31.277195",4,"0","0","20"
"ЧЕРНІГІВСЬКА","02006113","КОМУНАЛЬНЕ НЕКОМЕРЦІЙНЕ ПІДПРИЄМСТВО ""ЧЕРНІГІВСЬКА ОБЛАСНА ЛІКАРНЯ"" ЧЕРНІГІВСЬКОЇ ОБЛАСНОЇ РАДИ","51.526355","31.277195",5,"0","0","18"
"ЧЕРНІГІВСЬКА","02006604","КОМУНАЛЬНЕ НЕКОМЕРЦІЙНЕ ПІДПРИЄМСТВО ""ЧЕРНІГІВСЬКА ОБЛАСНА ДИТЯЧА ЛІКАРНЯ"" ЧЕРНІГІВСЬКОЇ ОБЛАСНОЇ РАДИ","51.497817","31.281436",2,"1","0","0"
"ЧЕРНІГІВСЬКА","02006604","КОМУНАЛЬНЕ НЕКОМЕРЦІЙНЕ ПІДПРИЄМСТВО ""ЧЕРНІГІВСЬКА ОБЛАСНА ДИТЯЧА ЛІКАРНЯ"" ЧЕРНІГІВСЬКОЇ ОБЛАСНОЇ РАДИ","51.497817","31.281436",3,"1","0","0"
"ЧЕРНІГІВСЬКА","02006604","КОМУНАЛЬНЕ НЕКОМЕРЦІЙНЕ ПІДПРИЄМСТВО ""ЧЕРНІГІВСЬКА ОБЛАСНА ДИТЯЧА ЛІКАРНЯ"" ЧЕРНІГІВСЬКОЇ ОБЛАСНОЇ РАДИ","51.497817","31.281436",4,"1","0","0"
"ЗАПОРІЗЬКА","02006716","КОМУНАЛЬНЕ НЕКОМЕРЦІЙНЕ ПІДПРИЄМСТВО ""ЗАПОРІЗЬКА ОБЛАСНА КЛІНІЧНА ЛІКАРНЯ"" ЗАПОРІЗЬКОЇ ОБЛАСНОЇ РАДИ","47.783651","35.243025",1,"0","189","70"
"ЗАПОРІЗЬКА","02006716","КОМУНАЛЬНЕ НЕКОМЕРЦІЙНЕ ПІДПРИЄМСТВО ""ЗАПОРІЗЬКА ОБЛАСНА КЛІНІЧНА ЛІКАРНЯ"" ЗАПОРІЗЬКОЇ ОБЛАСНОЇ РАДИ","47.783651","35.243025",2,"0","245","77"
"ЗАПОРІЗЬКА","02006716","КОМУНАЛЬНЕ НЕКОМЕРЦІЙНЕ ПІДПРИЄМСТВО ""ЗАПОРІЗЬКА ОБЛАСНА КЛІНІЧНА ЛІКАРНЯ"" ЗАПОРІЗЬКОЇ ОБЛАСНОЇ РАДИ","47.783651","35.243025",3,"0","322","80"
"ЗАПОРІЗЬКА","02006716","КОМУНАЛЬНЕ НЕКОМЕРЦІЙНЕ ПІДПРИЄМСТВО ""ЗАПОРІЗЬКА ОБЛАСНА КЛІНІЧНА ЛІКАРНЯ"" ЗАПОРІЗЬКОЇ ОБЛАСНОЇ РАДИ","47.783651","35.243025",4,"0","345","82"
"ЗАПОРІЗЬКА","02006716","КОМУНАЛЬНЕ НЕКОМЕРЦІЙНЕ ПІДПРИЄМСТВО ""ЗАПОРІЗЬКА ОБЛАСНА КЛІНІЧНА ЛІКАРНЯ"" ЗАПОРІЗЬКОЇ ОБЛАСНОЇ РАДИ","47.783651","35.243025",5,"0","351","83"
"МИКОЛАЇВСЬКА","02007070","КОМУНАЛЬНЕ НЕКОМЕРЦІЙНЕ ПІДПРИЄМСТВО ""МИКОЛАЇВСЬКА ОБЛАСНА ДИТЯЧА КЛІНІЧНА ЛІКАРНЯ""  МИКОЛАЇВСЬКОЇ ОБЛАСНОЇ РАДИ","46.941770","32.045055",1,"1","0","0"
"МИКОЛАЇВСЬКА","02007070","КОМУНАЛЬНЕ НЕКОМЕРЦІЙНЕ ПІДПРИЄМСТВО ""МИКОЛАЇВСЬКА ОБЛАСНА ДИТЯЧА КЛІНІЧНА ЛІКАРНЯ""  МИКОЛАЇВСЬКОЇ ОБЛАСНОЇ РАДИ","46.941770","32.045055",2,"1","0","0"
"МИКОЛАЇВСЬКА","02007070","КОМУНАЛЬНЕ НЕКОМЕРЦІЙНЕ ПІДПРИЄМСТВО ""МИКОЛАЇВСЬКА ОБЛАСНА ДИТЯЧА КЛІНІЧНА ЛІКАРНЯ""  МИКОЛАЇВСЬКОЇ ОБЛАСНОЇ РАДИ","46.941770","32.045055",3,"2","0","0"
"МИКОЛАЇВСЬКА","02007070","КОМУНАЛЬНЕ НЕКОМЕРЦІЙНЕ ПІДПРИЄМСТВО ""МИКОЛАЇВСЬКА ОБЛАСНА ДИТЯЧА КЛІНІЧНА ЛІКАРНЯ""  МИКОЛАЇВСЬКОЇ ОБЛАСНОЇ РАДИ","46.941770","32.045055",4,"1","0","0"
"ДНІПРОПЕТРОВСЬКА","02007265","КОМУНАЛЬНЕ ПІДПРИЄМСТВО ""ДНІПРОВСЬКИЙ ОБЛАСНИЙ КЛІНІЧНИЙ ОНКОЛОГІЧНИЙ ДИСПАНСЕР"" ДНІПРОПЕТРОВСЬКОЇ ОБЛАСНОЇ РАДИ""","48.428744","34.941382",1,"0","1640","339"
"ДНІПРОПЕТРОВСЬКА","02007265","КОМУНАЛЬНЕ ПІДПРИЄМСТВО ""ДНІПРОВСЬКИЙ ОБЛАСНИЙ КЛІНІЧНИЙ ОНКОЛОГІЧНИЙ ДИСПАНСЕР"" ДНІПРОПЕТРОВСЬКОЇ ОБЛАСНОЇ РАДИ""","48.428744","34.941382",2,"0","1547","294"
"ДНІПРОПЕТРОВСЬКА","02007265","КОМУНАЛЬНЕ ПІДПРИЄМСТВО ""ДНІПРОВСЬКИЙ ОБЛАСНИЙ КЛІНІЧНИЙ ОНКОЛОГІЧНИЙ ДИСПАНСЕР"" ДНІПРОПЕТРОВСЬКОЇ ОБЛАСНОЇ РАДИ""","48.428744","34.941382",3,"0","1652","318"
"ДНІПРОПЕТРОВСЬКА","02007265","КОМУНАЛЬНЕ ПІДПРИЄМСТВО ""ДНІПРОВСЬКИЙ ОБЛАСНИЙ КЛІНІЧНИЙ ОНКОЛОГІЧНИЙ ДИСПАНСЕР"" ДНІПРОПЕТРОВСЬКОЇ ОБЛАСНОЇ РАДИ""","48.428744","34.941382",4,"0","1458","307"
"ДНІПРОПЕТРОВСЬКА","02007265","КОМУНАЛЬНЕ ПІДПРИЄМСТВО ""ДНІПРОВСЬКИЙ ОБЛАСНИЙ КЛІНІЧНИЙ ОНКОЛОГІЧНИЙ ДИСПАНСЕР"" ДНІПРОПЕТРОВСЬКОЇ ОБЛАСНОЇ РАДИ""","48.428744","34.941382",5,"0","1196","324"
"ОДЕСЬКА","02008342","КОМУНАЛЬНЕ НЕКОМЕРЦІЙНЕ ПІДПРИЄМСТВО ""ОДЕСЬКИЙ РЕГІОНАЛЬНИЙ КЛІНІЧНИЙ ПРОТИПУХЛИННИЙ ЦЕНТР"" ОДЕСЬКОЇ ОБЛАСНОЇ РАДИ""","46.496077","30.691335",1,"0","429","1838"
"ОДЕСЬКА","02008342","КОМУНАЛЬНЕ НЕКОМЕРЦІЙНЕ ПІДПРИЄМСТВО ""ОДЕСЬКИЙ РЕГІОНАЛЬНИЙ КЛІНІЧНИЙ ПРОТИПУХЛИННИЙ ЦЕНТР"" ОДЕСЬКОЇ ОБЛАСНОЇ РАДИ""","46.496077","30.691335",2,"0","566","1798"
"ОДЕСЬКА","02008342","КОМУНАЛЬНЕ НЕКОМЕРЦІЙНЕ ПІДПРИЄМСТВО ""ОДЕСЬКИЙ РЕГІОНАЛЬНИЙ КЛІНІЧНИЙ ПРОТИПУХЛИННИЙ ЦЕНТР"" ОДЕСЬКОЇ ОБЛАСНОЇ РАДИ""","46.496077","30.691335",3,"0","515","1888"
"ОДЕСЬКА","02008342","КОМУНАЛЬНЕ НЕКОМЕРЦІЙНЕ ПІДПРИЄМСТВО ""ОДЕСЬКИЙ РЕГІОНАЛЬНИЙ КЛІНІЧНИЙ ПРОТИПУХЛИННИЙ ЦЕНТР"" ОДЕСЬКОЇ ОБЛАСНОЇ РАДИ""","46.496077","30.691335",4,"0","474","1894"
"ОДЕСЬКА","02008342","КОМУНАЛЬНЕ НЕКОМЕРЦІЙНЕ ПІДПРИЄМСТВО ""ОДЕСЬКИЙ РЕГІОНАЛЬНИЙ КЛІНІЧНИЙ ПРОТИПУХЛИННИЙ ЦЕНТР"" ОДЕСЬКОЇ ОБЛАСНОЇ РАДИ""","46.496077","30.691335",5,"0","512","1794"
"ПОЛТАВСЬКА","02008951","КОМУНАЛЬНЕ ПІДПРИЄМСТВО ""ПОЛТАВСЬКИЙ ОБЛАСНИЙ КЛІНІЧНИЙ ОНКОЛОГІЧНИЙ ДИСПАНСЕР ПОЛТАВСЬКОЇ ОБЛАСНОЇ РАДИ""","49.579325","34.550541",1,"0","0","517"
"ПОЛТАВСЬКА","02008951","КОМУНАЛЬНЕ ПІДПРИЄМСТВО ""ПОЛТАВСЬКИЙ ОБЛАСНИЙ КЛІНІЧНИЙ ОНКОЛОГІЧНИЙ ДИСПАНСЕР ПОЛТАВСЬКОЇ ОБЛАСНОЇ РАДИ""","49.579325","34.550541",2,"0","0","527"
"ПОЛТАВСЬКА","02008951","КОМУНАЛЬНЕ ПІДПРИЄМСТВО ""ПОЛТАВСЬКИЙ ОБЛАСНИЙ КЛІНІЧНИЙ ОНКОЛОГІЧНИЙ ДИСПАНСЕР ПОЛТАВСЬКОЇ ОБЛАСНОЇ РАДИ""","49.579325","34.550541",3,"0","0","529"
"ПОЛТАВСЬКА","02008951","КОМУНАЛЬНЕ ПІДПРИЄМСТВО ""ПОЛТАВСЬКИЙ ОБЛАСНИЙ КЛІНІЧНИЙ ОНКОЛОГІЧНИЙ ДИСПАНСЕР ПОЛТАВСЬКОЇ ОБЛАСНОЇ РАДИ""","49.579325","34.550541",4,"0","0","520"
"ПОЛТАВСЬКА","02008951","КОМУНАЛЬНЕ ПІДПРИЄМСТВО ""ПОЛТАВСЬКИЙ ОБЛАСНИЙ КЛІНІЧНИЙ ОНКОЛОГІЧНИЙ ДИСПАНСЕР ПОЛТАВСЬКОЇ ОБЛАСНОЇ РАДИ""","49.579325","34.550541",5,"0","0","529"
"ХЕРСОНСЬКА","02009896","КОМУНАЛЬНЕ НЕКОМЕРЦІЙНЕ ПІДПРИЄМСТВО ""ХЕРСОНСЬКИЙ РЕГІОНАЛЬНИЙ ОНКОЛОГІЧНИЙ ЦЕНТР"" ХЕРСОНСЬКОЇ ОБЛАСНОЇ РАДИ","46.672980","32.678474",1,"0","190","129"
"ХЕРСОНСЬКА","02009896","КОМУНАЛЬНЕ НЕКОМЕРЦІЙНЕ ПІДПРИЄМСТВО ""ХЕРСОНСЬКИЙ РЕГІОНАЛЬНИЙ ОНКОЛОГІЧНИЙ ЦЕНТР"" ХЕРСОНСЬКОЇ ОБЛАСНОЇ РАДИ","46.672980","32.678474",2,"0","140","121"
"ХЕРСОНСЬКА","02009896","КОМУНАЛЬНЕ НЕКОМЕРЦІЙНЕ ПІДПРИЄМСТВО ""ХЕРСОНСЬКИЙ РЕГІОНАЛЬНИЙ ОНКОЛОГІЧНИЙ ЦЕНТР"" ХЕРСОНСЬКОЇ ОБЛАСНОЇ РАДИ","46.672980","32.678474",3,"0","153","124"
"ХЕРСОНСЬКА","02009896","КОМУНАЛЬНЕ НЕКОМЕРЦІЙНЕ ПІДПРИЄМСТВО ""ХЕРСОНСЬКИЙ РЕГІОНАЛЬНИЙ ОНКОЛОГІЧНИЙ ЦЕНТР"" ХЕРСОНСЬКОЇ ОБЛАСНОЇ РАДИ","46.672980","32.678474",4,"0","169","125"
"ХЕРСОНСЬКА","02009896","КОМУНАЛЬНЕ НЕКОМЕРЦІЙНЕ ПІДПРИЄМСТВО ""ХЕРСОНСЬКИЙ РЕГІОНАЛЬНИЙ ОНКОЛОГІЧНИЙ ЦЕНТР"" ХЕРСОНСЬКОЇ ОБЛАСНОЇ РАДИ","46.672980","32.678474",5,"0","194","136"
"М.КИЇВ","02011976","ДЕРЖАВНЕ НЕКОМЕРЦІЙНЕ ПІДПРИЄМСТВО ""НАЦІОНАЛЬНИЙ ІНСТИТУТ РАКУ""","50.389595","30.483203",1,"20","342","1369"
"М.КИЇВ","02011976","ДЕРЖАВНЕ НЕКОМЕРЦІЙНЕ ПІДПРИЄМСТВО ""НАЦІОНАЛЬНИЙ ІНСТИТУТ РАКУ""","50.389595","30.483203",2,"22","300","1297"
"М.КИЇВ","02011976","ДЕРЖАВНЕ НЕКОМЕРЦІЙНЕ ПІДПРИЄМСТВО ""НАЦІОНАЛЬНИЙ ІНСТИТУТ РАКУ""","50.389595","30.483203",3,"16","289","1279"
"М.КИЇВ","02011976","ДЕРЖАВНЕ НЕКОМЕРЦІЙНЕ ПІДПРИЄМСТВО ""НАЦІОНАЛЬНИЙ ІНСТИТУТ РАКУ""","50.389595","30.483203",4,"18","364","1258"
"М.КИЇВ","02011976","ДЕРЖАВНЕ НЕКОМЕРЦІЙНЕ ПІДПРИЄМСТВО ""НАЦІОНАЛЬНИЙ ІНСТИТУТ РАКУ""","50.389595","30.483203",5,"17","514","1237"
"ХАРКІВСЬКА","02012154","ДЕРЖАВНА УСТАНОВА ""ІНСТИТУТ ЗАГАЛЬНОЇ ТА НЕВІДКЛАДНОЇ ХІРУРГІЇ ІМЕНІ В.Т.ЗАЙЦЕВА НАЦІОНАЛЬНОЇ АКАДЕМІЇ МЕДИЧНИХ НАУК УКРАЇНИ""","50.039936","36.244850",1,"0","0","23"
"ХАРКІВСЬКА","02012154","ДЕРЖАВНА УСТАНОВА ""ІНСТИТУТ ЗАГАЛЬНОЇ ТА НЕВІДКЛАДНОЇ ХІРУРГІЇ ІМЕНІ В.Т.ЗАЙЦЕВА НАЦІОНАЛЬНОЇ АКАДЕМІЇ МЕДИЧНИХ НАУК УКРАЇНИ""","50.039936","36.244850",2,"0","0","32"
"ХАРКІВСЬКА","02012154","ДЕРЖАВНА УСТАНОВА ""ІНСТИТУТ ЗАГАЛЬНОЇ ТА НЕВІДКЛАДНОЇ ХІРУРГІЇ ІМЕНІ В.Т.ЗАЙЦЕВА НАЦІОНАЛЬНОЇ АКАДЕМІЇ МЕДИЧНИХ НАУК УКРАЇНИ""","50.039936","36.244850",3,"0","0","32"
"ХАРКІВСЬКА","02012154","ДЕРЖАВНА УСТАНОВА ""ІНСТИТУТ ЗАГАЛЬНОЇ ТА НЕВІДКЛАДНОЇ ХІРУРГІЇ ІМЕНІ В.Т.ЗАЙЦЕВА НАЦІОНАЛЬНОЇ АКАДЕМІЇ МЕДИЧНИХ НАУК УКРАЇНИ""","50.039936","36.244850",4,"0","0","34"
"ХАРКІВСЬКА","02012154","ДЕРЖАВНА УСТАНОВА ""ІНСТИТУТ ЗАГАЛЬНОЇ ТА НЕВІДКЛАДНОЇ ХІРУРГІЇ ІМЕНІ В.Т.ЗАЙЦЕВА НАЦІОНАЛЬНОЇ АКАДЕМІЇ МЕДИЧНИХ НАУК УКРАЇНИ""","50.039936","36.244850",5,"0","0","32"
"ЖИТОМИРСЬКА","02774119","КОМУНАЛЬНЕ НЕКОМЕРЦІЙНЕ ПІДПРИЄМСТВО ""ЖИТОМИРСЬКА ОБЛАСНА ДИТЯЧА КЛІНІЧНА ЛІКАРНЯ"" ЖИТОМИРСЬКОЇ ОБЛАСНОЇ РАДИ","50.228982","28.686210",1,"1","0","0"
"ЖИТОМИРСЬКА","02774119","КОМУНАЛЬНЕ НЕКОМЕРЦІЙНЕ ПІДПРИЄМСТВО ""ЖИТОМИРСЬКА ОБЛАСНА ДИТЯЧА КЛІНІЧНА ЛІКАРНЯ"" ЖИТОМИРСЬКОЇ ОБЛАСНОЇ РАДИ","50.228982","28.686210",2,"1","0","0"
"ЖИТОМИРСЬКА","02774119","КОМУНАЛЬНЕ НЕКОМЕРЦІЙНЕ ПІДПРИЄМСТВО ""ЖИТОМИРСЬКА ОБЛАСНА ДИТЯЧА КЛІНІЧНА ЛІКАРНЯ"" ЖИТОМИРСЬКОЇ ОБЛАСНОЇ РАДИ","50.228982","28.686210",4,"1","0","0"
"ЖИТОМИРСЬКА","02774119","КОМУНАЛЬНЕ НЕКОМЕРЦІЙНЕ ПІДПРИЄМСТВО ""ЖИТОМИРСЬКА ОБЛАСНА ДИТЯЧА КЛІНІЧНА ЛІКАРНЯ"" ЖИТОМИРСЬКОЇ ОБЛАСНОЇ РАДИ","50.228982","28.686210",5,"1","0","0"
"ОДЕСЬКА","02774415","КОМУНАЛЬНЕ НЕКОМЕРЦІЙНЕ ПІДПРИЄМСТВО ""МІСЬКА КЛІНІЧНА ЛІКАРНЯ № 11"" ОДЕСЬКОЇ МІСЬКОЇ РАДИ","46.486527","30.693816",1,"0","0","4"
"ОДЕСЬКА","02774415","КОМУНАЛЬНЕ НЕКОМЕРЦІЙНЕ ПІДПРИЄМСТВО ""МІСЬКА КЛІНІЧНА ЛІКАРНЯ № 11"" ОДЕСЬКОЇ МІСЬКОЇ РАДИ","46.486527","30.693816",2,"0","0","6"
"ОДЕСЬКА","02774415","КОМУНАЛЬНЕ НЕКОМЕРЦІЙНЕ ПІДПРИЄМСТВО ""МІСЬКА КЛІНІЧНА ЛІКАРНЯ № 11"" ОДЕСЬКОЇ МІСЬКОЇ РАДИ","46.486527","30.693816",3,"0","0","11"
"ОДЕСЬКА","02774415","КОМУНАЛЬНЕ НЕКОМЕРЦІЙНЕ ПІДПРИЄМСТВО ""МІСЬКА КЛІНІЧНА ЛІКАРНЯ № 11"" ОДЕСЬКОЇ МІСЬКОЇ РАДИ","46.486527","30.693816",4,"0","0","9"
"ОДЕСЬКА","02774415","КОМУНАЛЬНЕ НЕКОМЕРЦІЙНЕ ПІДПРИЄМСТВО ""МІСЬКА КЛІНІЧНА ЛІКАРНЯ № 11"" ОДЕСЬКОЇ МІСЬКОЇ РАДИ","46.486527","30.693816",5,"0","0","7"
"РІВНЕНСЬКА","03067009","КОМУНАЛЬНЕ ПІДПРИЄМСТВО ""РІВНЕНСЬКА ОБЛАСНА ДИТЯЧА ЛІКАРНЯ"" РІВНЕНСЬКОЇ ОБЛАСНОЇ РАДИ","50.613527","26.291830",1,"2","0","0"
"РІВНЕНСЬКА","03067009","КОМУНАЛЬНЕ ПІДПРИЄМСТВО ""РІВНЕНСЬКА ОБЛАСНА ДИТЯЧА ЛІКАРНЯ"" РІВНЕНСЬКОЇ ОБЛАСНОЇ РАДИ","50.613527","26.291830",2,"1","0","0"
"РІВНЕНСЬКА","03067009","КОМУНАЛЬНЕ ПІДПРИЄМСТВО ""РІВНЕНСЬКА ОБЛАСНА ДИТЯЧА ЛІКАРНЯ"" РІВНЕНСЬКОЇ ОБЛАСНОЇ РАДИ","50.613527","26.291830",3,"3","0","0"
"РІВНЕНСЬКА","03067009","КОМУНАЛЬНЕ ПІДПРИЄМСТВО ""РІВНЕНСЬКА ОБЛАСНА ДИТЯЧА ЛІКАРНЯ"" РІВНЕНСЬКОЇ ОБЛАСНОЇ РАДИ","50.613527","26.291830",4,"5","0","0"
"РІВНЕНСЬКА","03067009","КОМУНАЛЬНЕ ПІДПРИЄМСТВО ""РІВНЕНСЬКА ОБЛАСНА ДИТЯЧА ЛІКАРНЯ"" РІВНЕНСЬКОЇ ОБЛАСНОЇ РАДИ","50.613527","26.291830",5,"1","0","0"
"ВІННИЦЬКА","03082760","КОМУНАЛЬНЕ НЕКОМЕРЦІЙНЕ ПІДПРИЄМСТВО ""ВІННИЦЬКА ОБЛАСНА ДИТЯЧА КЛІНІЧНА ЛІКАРНЯ ВІННИЦЬКОЇ ОБЛАСНОЇ РАДИ""","49.240235","28.410226",1,"1","0","0"
"ВІННИЦЬКА","03082760","КОМУНАЛЬНЕ НЕКОМЕРЦІЙНЕ ПІДПРИЄМСТВО ""ВІННИЦЬКА ОБЛАСНА ДИТЯЧА КЛІНІЧНА ЛІКАРНЯ ВІННИЦЬКОЇ ОБЛАСНОЇ РАДИ""","49.240235","28.410226",3,"3","0","0"
"ВІННИЦЬКА","03082760","КОМУНАЛЬНЕ НЕКОМЕРЦІЙНЕ ПІДПРИЄМСТВО ""ВІННИЦЬКА ОБЛАСНА ДИТЯЧА КЛІНІЧНА ЛІКАРНЯ ВІННИЦЬКОЇ ОБЛАСНОЇ РАДИ""","49.240235","28.410226",4,"2","0","0"
"ВІННИЦЬКА","03082760","КОМУНАЛЬНЕ НЕКОМЕРЦІЙНЕ ПІДПРИЄМСТВО ""ВІННИЦЬКА ОБЛАСНА ДИТЯЧА КЛІНІЧНА ЛІКАРНЯ ВІННИЦЬКОЇ ОБЛАСНОЇ РАДИ""","49.240235","28.410226",5,"1","0","0"
"ДОНЕЦЬКА","03098229","КОМУНАЛЬНЕ НЕКОМЕРЦІЙНЕ ПІДПРИЄМСТВО ""ОБЛАСНА ЛІКАРНЯ ІНТЕНСИВНОГО ЛІКУВАННЯ М. МАРІУПОЛЬ""","48.469132","37.087122",2,"0","0","10"
"ДОНЕЦЬКА","03098229","КОМУНАЛЬНЕ НЕКОМЕРЦІЙНЕ ПІДПРИЄМСТВО ""ОБЛАСНА ЛІКАРНЯ ІНТЕНСИВНОГО ЛІКУВАННЯ М. МАРІУПОЛЬ""","48.469132","37.087122",3,"0","0","14"
"ДОНЕЦЬКА","03098229","КОМУНАЛЬНЕ НЕКОМЕРЦІЙНЕ ПІДПРИЄМСТВО ""ОБЛАСНА ЛІКАРНЯ ІНТЕНСИВНОГО ЛІКУВАННЯ М. МАРІУПОЛЬ""","48.469132","37.087122",4,"0","0","17"
"ДОНЕЦЬКА","03098229","КОМУНАЛЬНЕ НЕКОМЕРЦІЙНЕ ПІДПРИЄМСТВО ""ОБЛАСНА ЛІКАРНЯ ІНТЕНСИВНОГО ЛІКУВАННЯ М. МАРІУПОЛЬ""","48.469132","37.087122",5,"0","0","12"
"ХАРКІВСЬКА","03293617","КОМУНАЛЬНЕ НЕКОМЕРЦІЙНЕ ПІДПРИЄМСТВО ""МІСЬКА КЛІНІЧНА ЛІКАРНЯ № 2 ІМЕНІ ПРОФ. О.О. ШАЛІМОВА"" ХАРКІВСЬКОЇ МІСЬКОЇ РАДИ","49.978907","36.295816",1,"0","0","34"
"ХАРКІВСЬКА","03293617","КОМУНАЛЬНЕ НЕКОМЕРЦІЙНЕ ПІДПРИЄМСТВО ""МІСЬКА КЛІНІЧНА ЛІКАРНЯ № 2 ІМЕНІ ПРОФ. О.О. ШАЛІМОВА"" ХАРКІВСЬКОЇ МІСЬКОЇ РАДИ","49.978907","36.295816",2,"0","0","36"
"ХАРКІВСЬКА","03293617","КОМУНАЛЬНЕ НЕКОМЕРЦІЙНЕ ПІДПРИЄМСТВО ""МІСЬКА КЛІНІЧНА ЛІКАРНЯ № 2 ІМЕНІ ПРОФ. О.О. ШАЛІМОВА"" ХАРКІВСЬКОЇ МІСЬКОЇ РАДИ","49.978907","36.295816",3,"0","0","37"
"ХАРКІВСЬКА","03293617","КОМУНАЛЬНЕ НЕКОМЕРЦІЙНЕ ПІДПРИЄМСТВО ""МІСЬКА КЛІНІЧНА ЛІКАРНЯ № 2 ІМЕНІ ПРОФ. О.О. ШАЛІМОВА"" ХАРКІВСЬКОЇ МІСЬКОЇ РАДИ","49.978907","36.295816",4,"0","0","43"
"ХАРКІВСЬКА","03293617","КОМУНАЛЬНЕ НЕКОМЕРЦІЙНЕ ПІДПРИЄМСТВО ""МІСЬКА КЛІНІЧНА ЛІКАРНЯ № 2 ІМЕНІ ПРОФ. О.О. ШАЛІМОВА"" ХАРКІВСЬКОЇ МІСЬКОЇ РАДИ","49.978907","36.295816",5,"0","0","47"
"СУМСЬКА","03338126","КОМУНАЛЬНЕ НЕКОМЕРЦІЙНЕ ПІДПРИЄМСТВО СУМСЬКОЇ ОБЛАСНОЇ РАДИ ""ОБЛАСНА ДИТЯЧА КЛІНІЧНА ЛІКАРНЯ""","50.944397","34.759557",1,"2","0","0"
"СУМСЬКА","03338126","КОМУНАЛЬНЕ НЕКОМЕРЦІЙНЕ ПІДПРИЄМСТВО СУМСЬКОЇ ОБЛАСНОЇ РАДИ ""ОБЛАСНА ДИТЯЧА КЛІНІЧНА ЛІКАРНЯ""","50.944397","34.759557",2,"2","0","0"
"СУМСЬКА","03338126","КОМУНАЛЬНЕ НЕКОМЕРЦІЙНЕ ПІДПРИЄМСТВО СУМСЬКОЇ ОБЛАСНОЇ РАДИ ""ОБЛАСНА ДИТЯЧА КЛІНІЧНА ЛІКАРНЯ""","50.944397","34.759557",3,"3","0","0"
"СУМСЬКА","03338126","КОМУНАЛЬНЕ НЕКОМЕРЦІЙНЕ ПІДПРИЄМСТВО СУМСЬКОЇ ОБЛАСНОЇ РАДИ ""ОБЛАСНА ДИТЯЧА КЛІНІЧНА ЛІКАРНЯ""","50.944397","34.759557",4,"4","0","0"
"СУМСЬКА","03338126","КОМУНАЛЬНЕ НЕКОМЕРЦІЙНЕ ПІДПРИЄМСТВО СУМСЬКОЇ ОБЛАСНОЇ РАДИ ""ОБЛАСНА ДИТЯЧА КЛІНІЧНА ЛІКАРНЯ""","50.944397","34.759557",5,"2","0","0"
"ДНІПРОПЕТРОВСЬКА","04543536","КОМУНАЛЬНЕ ПІДПРИЄМСТВО ""РЕГІОНАЛЬНИЙ МЕДИЧНИЙ ЦЕНТР РОДИННОГО ЗДОРОВ'Я"" ДНІПРОПЕТРОВСЬКОЇ ОБЛАСНОЇ РАДИ""","48.418541","35.054541",1,"8","0","0"
"ДНІПРОПЕТРОВСЬКА","04543536","КОМУНАЛЬНЕ ПІДПРИЄМСТВО ""РЕГІОНАЛЬНИЙ МЕДИЧНИЙ ЦЕНТР РОДИННОГО ЗДОРОВ'Я"" ДНІПРОПЕТРОВСЬКОЇ ОБЛАСНОЇ РАДИ""","48.418541","35.054541",2,"7","0","0"
"ДНІПРОПЕТРОВСЬКА","04543536","КОМУНАЛЬНЕ ПІДПРИЄМСТВО ""РЕГІОНАЛЬНИЙ МЕДИЧНИЙ ЦЕНТР РОДИННОГО ЗДОРОВ'Я"" ДНІПРОПЕТРОВСЬКОЇ ОБЛАСНОЇ РАДИ""","48.418541","35.054541",3,"8","0","0"
"ДНІПРОПЕТРОВСЬКА","04543536","КОМУНАЛЬНЕ ПІДПРИЄМСТВО ""РЕГІОНАЛЬНИЙ МЕДИЧНИЙ ЦЕНТР РОДИННОГО ЗДОРОВ'Я"" ДНІПРОПЕТРОВСЬКОЇ ОБЛАСНОЇ РАДИ""","48.418541","35.054541",4,"8","0","0"
"ДНІПРОПЕТРОВСЬКА","04543536","КОМУНАЛЬНЕ ПІДПРИЄМСТВО ""РЕГІОНАЛЬНИЙ МЕДИЧНИЙ ЦЕНТР РОДИННОГО ЗДОРОВ'Я"" ДНІПРОПЕТРОВСЬКОЇ ОБЛАСНОЇ РАДИ""","48.418541","35.054541",5,"4","0","0"
"М.КИЇВ","05415792","КЛІНІЧНА ЛІКАРНЯ ""ФЕОФАНІЯ"" ДЕРЖАВНОГО УПРАВЛІННЯ СПРАВАМИ","50.355416","30.483590",1,"0","0","86"
"М.КИЇВ","05415792","КЛІНІЧНА ЛІКАРНЯ ""ФЕОФАНІЯ"" ДЕРЖАВНОГО УПРАВЛІННЯ СПРАВАМИ","50.355416","30.483590",2,"0","0","84"
"М.КИЇВ","05415792","КЛІНІЧНА ЛІКАРНЯ ""ФЕОФАНІЯ"" ДЕРЖАВНОГО УПРАВЛІННЯ СПРАВАМИ","50.355416","30.483590",3,"0","2","88"
"М.КИЇВ","05415792","КЛІНІЧНА ЛІКАРНЯ ""ФЕОФАНІЯ"" ДЕРЖАВНОГО УПРАВЛІННЯ СПРАВАМИ","50.355416","30.483590",4,"0","2","106"
"М.КИЇВ","05415792","КЛІНІЧНА ЛІКАРНЯ ""ФЕОФАНІЯ"" ДЕРЖАВНОГО УПРАВЛІННЯ СПРАВАМИ","50.355416","30.483590",5,"0","0","101"
"СУМСЬКА","05480996","КОМУНАЛЬНЕ НЕКОМЕРЦІЙНЕ ПІДПРИЄМСТВО СУМСЬКОЇ ОБЛАСНОЇ РАДИ ""СУМСЬКИЙ ОБЛАСНИЙ КЛІНІЧНИЙ ОНКОЛОГІЧНИЙ ЦЕНТР""","50.924757","34.816855",1,"0","0","582"
"СУМСЬКА","05480996","КОМУНАЛЬНЕ НЕКОМЕРЦІЙНЕ ПІДПРИЄМСТВО СУМСЬКОЇ ОБЛАСНОЇ РАДИ ""СУМСЬКИЙ ОБЛАСНИЙ КЛІНІЧНИЙ ОНКОЛОГІЧНИЙ ЦЕНТР""","50.924757","34.816855",2,"0","0","573"
"СУМСЬКА","05480996","КОМУНАЛЬНЕ НЕКОМЕРЦІЙНЕ ПІДПРИЄМСТВО СУМСЬКОЇ ОБЛАСНОЇ РАДИ ""СУМСЬКИЙ ОБЛАСНИЙ КЛІНІЧНИЙ ОНКОЛОГІЧНИЙ ЦЕНТР""","50.924757","34.816855",3,"0","0","593"
"СУМСЬКА","05480996","КОМУНАЛЬНЕ НЕКОМЕРЦІЙНЕ ПІДПРИЄМСТВО СУМСЬКОЇ ОБЛАСНОЇ РАДИ ""СУМСЬКИЙ ОБЛАСНИЙ КЛІНІЧНИЙ ОНКОЛОГІЧНИЙ ЦЕНТР""","50.924757","34.816855",4,"0","0","589"
"СУМСЬКА","05480996","КОМУНАЛЬНЕ НЕКОМЕРЦІЙНЕ ПІДПРИЄМСТВО СУМСЬКОЇ ОБЛАСНОЇ РАДИ ""СУМСЬКИЙ ОБЛАСНИЙ КЛІНІЧНИЙ ОНКОЛОГІЧНИЙ ЦЕНТР""","50.924757","34.816855",5,"0","0","597"
"МИКОЛАЇВСЬКА","05483316","КОМУНАЛЬНЕ НЕКОМЕРЦІЙНЕ ПІДПРИЄМСТВО ""МИКОЛАЇВСЬКИЙ ОБЛАСНИЙ ЦЕНТР ОНКОЛОГІЇ"" МИКОЛАЇВСЬКОЇ ОБЛАСНОЇ РАДИ","46.944757","32.046280",1,"0","558","440"
"МИКОЛАЇВСЬКА","05483316","КОМУНАЛЬНЕ НЕКОМЕРЦІЙНЕ ПІДПРИЄМСТВО ""МИКОЛАЇВСЬКИЙ ОБЛАСНИЙ ЦЕНТР ОНКОЛОГІЇ"" МИКОЛАЇВСЬКОЇ ОБЛАСНОЇ РАДИ","46.944757","32.046280",2,"0","736","465"
"МИКОЛАЇВСЬКА","05483316","КОМУНАЛЬНЕ НЕКОМЕРЦІЙНЕ ПІДПРИЄМСТВО ""МИКОЛАЇВСЬКИЙ ОБЛАСНИЙ ЦЕНТР ОНКОЛОГІЇ"" МИКОЛАЇВСЬКОЇ ОБЛАСНОЇ РАДИ","46.944757","32.046280",3,"0","687","504"
"МИКОЛАЇВСЬКА","05483316","КОМУНАЛЬНЕ НЕКОМЕРЦІЙНЕ ПІДПРИЄМСТВО ""МИКОЛАЇВСЬКИЙ ОБЛАСНИЙ ЦЕНТР ОНКОЛОГІЇ"" МИКОЛАЇВСЬКОЇ ОБЛАСНОЇ РАДИ","46.944757","32.046280",4,"0","580","541"
"МИКОЛАЇВСЬКА","05483316","КОМУНАЛЬНЕ НЕКОМЕРЦІЙНЕ ПІДПРИЄМСТВО ""МИКОЛАЇВСЬКИЙ ОБЛАСНИЙ ЦЕНТР ОНКОЛОГІЇ"" МИКОЛАЇВСЬКОЇ ОБЛАСНОЇ РАДИ","46.944757","32.046280",5,"0","616","544"
"ВІННИЦЬКА","05484161","КОМУНАЛЬНЕ НЕКОМЕРЦІЙНЕ ПІДПРИЄМСТВО ""ПОДІЛЬСЬКИЙ РЕГІОНАЛЬНИЙ ЦЕНТР ОНКОЛОГІЇ ВІННИЦЬКОЇ ОБЛАСНОЇ РАДИ""","49.237647","28.415289",1,"0","1346","476"
"ВІННИЦЬКА","05484161","КОМУНАЛЬНЕ НЕКОМЕРЦІЙНЕ ПІДПРИЄМСТВО ""ПОДІЛЬСЬКИЙ РЕГІОНАЛЬНИЙ ЦЕНТР ОНКОЛОГІЇ ВІННИЦЬКОЇ ОБЛАСНОЇ РАДИ""","49.237647","28.415289",2,"0","1299","472"
"ВІННИЦЬКА","05484161","КОМУНАЛЬНЕ НЕКОМЕРЦІЙНЕ ПІДПРИЄМСТВО ""ПОДІЛЬСЬКИЙ РЕГІОНАЛЬНИЙ ЦЕНТР ОНКОЛОГІЇ ВІННИЦЬКОЇ ОБЛАСНОЇ РАДИ""","49.237647","28.415289",3,"0","1316","587"
"ВІННИЦЬКА","05484161","КОМУНАЛЬНЕ НЕКОМЕРЦІЙНЕ ПІДПРИЄМСТВО ""ПОДІЛЬСЬКИЙ РЕГІОНАЛЬНИЙ ЦЕНТР ОНКОЛОГІЇ ВІННИЦЬКОЇ ОБЛАСНОЇ РАДИ""","49.237647","28.415289",4,"0","1216","645"
"ВІННИЦЬКА","05484161","КОМУНАЛЬНЕ НЕКОМЕРЦІЙНЕ ПІДПРИЄМСТВО ""ПОДІЛЬСЬКИЙ РЕГІОНАЛЬНИЙ ЦЕНТР ОНКОЛОГІЇ ВІННИЦЬКОЇ ОБЛАСНОЇ РАДИ""","49.237647","28.415289",5,"0","1422","549"
"ВІННИЦЬКА","05484161","КОМУНАЛЬНЕ НЕКОМЕРЦІЙНЕ ПІДПРИЄМСТВО ""ПОДІЛЬСЬКИЙ РЕГІОНАЛЬНИЙ ЦЕНТР ОНКОЛОГІЇ ВІННИЦЬКОЇ ОБЛАСНОЇ РАДИ""","49.237647","28.415289",6,"0","3","0"
"КИЇВСЬКА","05492261","КОМУНАЛЬНЕ НЕКОМЕРЦІЙНЕ ПІДПРИЄМСТВО КИЇВСЬКОЇ ОБЛАСНОЇ РАДИ ""КИЇВСЬКИЙ ОБЛАСНИЙ ОНКОЛОГІЧНИЙ ДИСПАНСЕР""","50.536318","30.151460",1,"6","772","771"
"КИЇВСЬКА","05492261","КОМУНАЛЬНЕ НЕКОМЕРЦІЙНЕ ПІДПРИЄМСТВО КИЇВСЬКОЇ ОБЛАСНОЇ РАДИ ""КИЇВСЬКИЙ ОБЛАСНИЙ ОНКОЛОГІЧНИЙ ДИСПАНСЕР""","50.536318","30.151460",2,"3","624","754"
"КИЇВСЬКА","05492261","КОМУНАЛЬНЕ НЕКОМЕРЦІЙНЕ ПІДПРИЄМСТВО КИЇВСЬКОЇ ОБЛАСНОЇ РАДИ ""КИЇВСЬКИЙ ОБЛАСНИЙ ОНКОЛОГІЧНИЙ ДИСПАНСЕР""","50.536318","30.151460",3,"3","690","804"
"КИЇВСЬКА","05492261","КОМУНАЛЬНЕ НЕКОМЕРЦІЙНЕ ПІДПРИЄМСТВО КИЇВСЬКОЇ ОБЛАСНОЇ РАДИ ""КИЇВСЬКИЙ ОБЛАСНИЙ ОНКОЛОГІЧНИЙ ДИСПАНСЕР""","50.536318","30.151460",4,"4","964","817"
"КИЇВСЬКА","05492261","КОМУНАЛЬНЕ НЕКОМЕРЦІЙНЕ ПІДПРИЄМСТВО КИЇВСЬКОЇ ОБЛАСНОЇ РАДИ ""КИЇВСЬКИЙ ОБЛАСНИЙ ОНКОЛОГІЧНИЙ ДИСПАНСЕР""","50.536318","30.151460",5,"3","885","802"
"ТЕРНОПІЛЬСЬКА","05497361","КОМУНАЛЬНЕ НЕКОМЕРЦІЙНЕ ПІДПРИЄМСТВО ""ТЕРНОПІЛЬСЬКА КОМУНАЛЬНА МІСЬКА ЛІКАРНЯ №2""","49.553927","25.642991",1,"1","0","0"
"ЗАПОРІЗЬКА","05498660","КОМУНАЛЬНЕ НЕКОМЕРЦІЙНЕ ПІДПРИЄМСТВО ""МІСЬКА ЛІКАРНЯ №4"" ЗАПОРІЗЬКОЇ МІСЬКОЇ РАДИ","47.884246","35.168451",2,"0","0","44"
"ЗАПОРІЗЬКА","05498660","КОМУНАЛЬНЕ НЕКОМЕРЦІЙНЕ ПІДПРИЄМСТВО ""МІСЬКА ЛІКАРНЯ №4"" ЗАПОРІЗЬКОЇ МІСЬКОЇ РАДИ","47.884246","35.168451",3,"0","2","72"
"ЗАПОРІЗЬКА","05498660","КОМУНАЛЬНЕ НЕКОМЕРЦІЙНЕ ПІДПРИЄМСТВО ""МІСЬКА ЛІКАРНЯ №4"" ЗАПОРІЗЬКОЇ МІСЬКОЇ РАДИ","47.884246","35.168451",4,"0","51","128"
"ЗАПОРІЗЬКА","05498660","КОМУНАЛЬНЕ НЕКОМЕРЦІЙНЕ ПІДПРИЄМСТВО ""МІСЬКА ЛІКАРНЯ №4"" ЗАПОРІЗЬКОЇ МІСЬКОЇ РАДИ","47.884246","35.168451",5,"0","25","162"
"ЗАПОРІЗЬКА","05498737","КОМУНАЛЬНЕ НЕКОМЕРЦІЙНЕ ПІДПРИЄМСТВО ""ЗАПОРІЗЬКА ОБЛАСНА КЛІНІЧНА ДИТЯЧА ЛІКАРНЯ"" ЗАПОРІЗЬКОЇ ОБЛАСНОЇ РАДИ","47.820749","35.175861",1,"4","0","0"
"ЗАПОРІЗЬКА","05498737","КОМУНАЛЬНЕ НЕКОМЕРЦІЙНЕ ПІДПРИЄМСТВО ""ЗАПОРІЗЬКА ОБЛАСНА КЛІНІЧНА ДИТЯЧА ЛІКАРНЯ"" ЗАПОРІЗЬКОЇ ОБЛАСНОЇ РАДИ","47.820749","35.175861",2,"3","0","0"
"ЗАПОРІЗЬКА","05498737","КОМУНАЛЬНЕ НЕКОМЕРЦІЙНЕ ПІДПРИЄМСТВО ""ЗАПОРІЗЬКА ОБЛАСНА КЛІНІЧНА ДИТЯЧА ЛІКАРНЯ"" ЗАПОРІЗЬКОЇ ОБЛАСНОЇ РАДИ","47.820749","35.175861",3,"2","0","0"
"ЗАПОРІЗЬКА","05498737","КОМУНАЛЬНЕ НЕКОМЕРЦІЙНЕ ПІДПРИЄМСТВО ""ЗАПОРІЗЬКА ОБЛАСНА КЛІНІЧНА ДИТЯЧА ЛІКАРНЯ"" ЗАПОРІЗЬКОЇ ОБЛАСНОЇ РАДИ","47.820749","35.175861",4,"3","0","0"
"ЗАПОРІЗЬКА","05498737","КОМУНАЛЬНЕ НЕКОМЕРЦІЙНЕ ПІДПРИЄМСТВО ""ЗАПОРІЗЬКА ОБЛАСНА КЛІНІЧНА ДИТЯЧА ЛІКАРНЯ"" ЗАПОРІЗЬКОЇ ОБЛАСНОЇ РАДИ","47.820749","35.175861",5,"3","0","0"
"ІВАНО-ФРАНКІВСЬКА","13648033","КОМУНАЛЬНЕ НЕКОМЕРЦІЙНЕ ПІДПРИЄМСТВО ""ПРИКАРПАТСЬКИЙ КЛІНІЧНИЙ ОНКОЛОГІЧНИЙ ЦЕНТР ІВАНО-ФРАНКІВСЬКОЇ ОБЛАСНОЇ РАДИ""","48.866445","24.696457",1,"0","2","599"
"ІВАНО-ФРАНКІВСЬКА","13648033","КОМУНАЛЬНЕ НЕКОМЕРЦІЙНЕ ПІДПРИЄМСТВО ""ПРИКАРПАТСЬКИЙ КЛІНІЧНИЙ ОНКОЛОГІЧНИЙ ЦЕНТР ІВАНО-ФРАНКІВСЬКОЇ ОБЛАСНОЇ РАДИ""","48.866445","24.696457",2,"0","2","485"
"ІВАНО-ФРАНКІВСЬКА","13648033","КОМУНАЛЬНЕ НЕКОМЕРЦІЙНЕ ПІДПРИЄМСТВО ""ПРИКАРПАТСЬКИЙ КЛІНІЧНИЙ ОНКОЛОГІЧНИЙ ЦЕНТР ІВАНО-ФРАНКІВСЬКОЇ ОБЛАСНОЇ РАДИ""","48.866445","24.696457",3,"0","442","527"
"ІВАНО-ФРАНКІВСЬКА","13648033","КОМУНАЛЬНЕ НЕКОМЕРЦІЙНЕ ПІДПРИЄМСТВО ""ПРИКАРПАТСЬКИЙ КЛІНІЧНИЙ ОНКОЛОГІЧНИЙ ЦЕНТР ІВАНО-ФРАНКІВСЬКОЇ ОБЛАСНОЇ РАДИ""","48.866445","24.696457",4,"0","694","516"
"ІВАНО-ФРАНКІВСЬКА","13648033","КОМУНАЛЬНЕ НЕКОМЕРЦІЙНЕ ПІДПРИЄМСТВО ""ПРИКАРПАТСЬКИЙ КЛІНІЧНИЙ ОНКОЛОГІЧНИЙ ЦЕНТР ІВАНО-ФРАНКІВСЬКОЇ ОБЛАСНОЇ РАДИ""","48.866445","24.696457",5,"0","470","501"
"М.КИЇВ","13697965","КОМУНАЛЬНЕ НЕКОМЕРЦІЙНЕ ПІДПРИЄМСТВО ""КИЇВСЬКИЙ МІСЬКИЙ КЛІНІЧНИЙ ОНКОЛОГІЧНИЙ ЦЕНТР""  ВИКОНАВЧОГО ОРГАНУ КИЇВСЬКОЇ МІСЬКОЇ РАДИ (КИЇВСЬКОЇ МІСЬКОЇ ДЕРЖАВНОЇ АДМІНІСТРАЦІЇ)","50.451005","30.360535",1,"21","1426","2333"
"М.КИЇВ","13697965","КОМУНАЛЬНЕ НЕКОМЕРЦІЙНЕ ПІДПРИЄМСТВО ""КИЇВСЬКИЙ МІСЬКИЙ КЛІНІЧНИЙ ОНКОЛОГІЧНИЙ ЦЕНТР""  ВИКОНАВЧОГО ОРГАНУ КИЇВСЬКОЇ МІСЬКОЇ РАДИ (КИЇВСЬКОЇ МІСЬКОЇ ДЕРЖАВНОЇ АДМІНІСТРАЦІЇ)","50.451005","30.360535",2,"16","1019","2133"
"М.КИЇВ","13697965","КОМУНАЛЬНЕ НЕКОМЕРЦІЙНЕ ПІДПРИЄМСТВО ""КИЇВСЬКИЙ МІСЬКИЙ КЛІНІЧНИЙ ОНКОЛОГІЧНИЙ ЦЕНТР""  ВИКОНАВЧОГО ОРГАНУ КИЇВСЬКОЇ МІСЬКОЇ РАДИ (КИЇВСЬКОЇ МІСЬКОЇ ДЕРЖАВНОЇ АДМІНІСТРАЦІЇ)","50.451005","30.360535",3,"20","967","2196"
"М.КИЇВ","13697965","КОМУНАЛЬНЕ НЕКОМЕРЦІЙНЕ ПІДПРИЄМСТВО ""КИЇВСЬКИЙ МІСЬКИЙ КЛІНІЧНИЙ ОНКОЛОГІЧНИЙ ЦЕНТР""  ВИКОНАВЧОГО ОРГАНУ КИЇВСЬКОЇ МІСЬКОЇ РАДИ (КИЇВСЬКОЇ МІСЬКОЇ ДЕРЖАВНОЇ АДМІНІСТРАЦІЇ)","50.451005","30.360535",4,"22","1231","2193"
"М.КИЇВ","13697965","КОМУНАЛЬНЕ НЕКОМЕРЦІЙНЕ ПІДПРИЄМСТВО ""КИЇВСЬКИЙ МІСЬКИЙ КЛІНІЧНИЙ ОНКОЛОГІЧНИЙ ЦЕНТР""  ВИКОНАВЧОГО ОРГАНУ КИЇВСЬКОЇ МІСЬКОЇ РАДИ (КИЇВСЬКОЇ МІСЬКОЇ ДЕРЖАВНОЇ АДМІНІСТРАЦІЇ)","50.451005","30.360535",5,"25","945","2275"
"КІРОВОГРАДСЬКА","20635255","ПРИВАТНЕ ПІДПРИЄМСТВО ПРИВАТНА ВИРОБНИЧА ФІРМА ""АЦИНУС""","48.505526","32.262843",1,"0","0","5"
"КІРОВОГРАДСЬКА","20635255","ПРИВАТНЕ ПІДПРИЄМСТВО ПРИВАТНА ВИРОБНИЧА ФІРМА ""АЦИНУС""","48.505526","32.262843",2,"0","0","9"
"КІРОВОГРАДСЬКА","20635255","ПРИВАТНЕ ПІДПРИЄМСТВО ПРИВАТНА ВИРОБНИЧА ФІРМА ""АЦИНУС""","48.505526","32.262843",3,"0","0","18"
"КІРОВОГРАДСЬКА","20635255","ПРИВАТНЕ ПІДПРИЄМСТВО ПРИВАТНА ВИРОБНИЧА ФІРМА ""АЦИНУС""","48.505526","32.262843",4,"0","0","13"
"КІРОВОГРАДСЬКА","20635255","ПРИВАТНЕ ПІДПРИЄМСТВО ПРИВАТНА ВИРОБНИЧА ФІРМА ""АЦИНУС""","48.505526","32.262843",5,"0","0","16"
"ЛЬВІВСЬКА","20763510","КОМУНАЛЬНЕ НЕКОМЕРЦІЙНЕ ПІДПРИЄМСТВО ""ДРОГОБИЦЬКА МІСЬКА ЛІКАРНЯ №3"" ДРОГОБИЦЬКОЇ МІСЬКОЇ РАДИ","49.340607","23.509519",1,"0","49","26"
"ЛЬВІВСЬКА","20763510","КОМУНАЛЬНЕ НЕКОМЕРЦІЙНЕ ПІДПРИЄМСТВО ""ДРОГОБИЦЬКА МІСЬКА ЛІКАРНЯ №3"" ДРОГОБИЦЬКОЇ МІСЬКОЇ РАДИ","49.340607","23.509519",2,"0","78","29"
"ЛЬВІВСЬКА","20763510","КОМУНАЛЬНЕ НЕКОМЕРЦІЙНЕ ПІДПРИЄМСТВО ""ДРОГОБИЦЬКА МІСЬКА ЛІКАРНЯ №3"" ДРОГОБИЦЬКОЇ МІСЬКОЇ РАДИ","49.340607","23.509519",3,"0","62","32"
"ЛЬВІВСЬКА","20763510","КОМУНАЛЬНЕ НЕКОМЕРЦІЙНЕ ПІДПРИЄМСТВО ""ДРОГОБИЦЬКА МІСЬКА ЛІКАРНЯ №3"" ДРОГОБИЦЬКОЇ МІСЬКОЇ РАДИ","49.340607","23.509519",4,"0","51","42"
"ЛЬВІВСЬКА","20763510","КОМУНАЛЬНЕ НЕКОМЕРЦІЙНЕ ПІДПРИЄМСТВО ""ДРОГОБИЦЬКА МІСЬКА ЛІКАРНЯ №3"" ДРОГОБИЦЬКОЇ МІСЬКОЇ РАДИ","49.340607","23.509519",5,"0","83","28"
"ДОНЕЦЬКА","21992649","КОМУНАЛЬНЕ НЕКОМЕРЦІЙНЕ  ПІДПРИЄМСТВО ""ОБЛАСНЕ ТЕРИТОРІАЛЬНЕ МЕДИЧНЕ ОБ'ЄДНАННЯ М. КРАМАТОРСЬК""","48.721621","37.563825",1,"0","200","229"
"ДОНЕЦЬКА","21992649","КОМУНАЛЬНЕ НЕКОМЕРЦІЙНЕ  ПІДПРИЄМСТВО ""ОБЛАСНЕ ТЕРИТОРІАЛЬНЕ МЕДИЧНЕ ОБ'ЄДНАННЯ М. КРАМАТОРСЬК""","48.721621","37.563825",2,"0","181","226"
"ДОНЕЦЬКА","21992649","КОМУНАЛЬНЕ НЕКОМЕРЦІЙНЕ  ПІДПРИЄМСТВО ""ОБЛАСНЕ ТЕРИТОРІАЛЬНЕ МЕДИЧНЕ ОБ'ЄДНАННЯ М. КРАМАТОРСЬК""","48.721621","37.563825",3,"0","216","215"
"ДОНЕЦЬКА","21992649","КОМУНАЛЬНЕ НЕКОМЕРЦІЙНЕ  ПІДПРИЄМСТВО ""ОБЛАСНЕ ТЕРИТОРІАЛЬНЕ МЕДИЧНЕ ОБ'ЄДНАННЯ М. КРАМАТОРСЬК""","48.721621","37.563825",4,"0","188","237"
"ДОНЕЦЬКА","21992649","КОМУНАЛЬНЕ НЕКОМЕРЦІЙНЕ  ПІДПРИЄМСТВО ""ОБЛАСНЕ ТЕРИТОРІАЛЬНЕ МЕДИЧНЕ ОБ'ЄДНАННЯ М. КРАМАТОРСЬК""","48.721621","37.563825",5,"0","179","238"
"ХАРКІВСЬКА","22689195","КОМУНАЛЬНЕ НЕКОМЕРЦІЙНЕ ПІДПРИЄМСТВО ""МІСЬКА КЛІНІЧНА БАГАТОПРОФІЛЬНА ЛІКАРНЯ № 25"" ХАРКІВСЬКОЇ МІСЬКОЇ РАДИ","49.942858","36.364648",1,"0","0","3"
"ХАРКІВСЬКА","22689195","КОМУНАЛЬНЕ НЕКОМЕРЦІЙНЕ ПІДПРИЄМСТВО ""МІСЬКА КЛІНІЧНА БАГАТОПРОФІЛЬНА ЛІКАРНЯ № 25"" ХАРКІВСЬКОЇ МІСЬКОЇ РАДИ","49.942858","36.364648",2,"0","0","4"
"ХАРКІВСЬКА","22689195","КОМУНАЛЬНЕ НЕКОМЕРЦІЙНЕ ПІДПРИЄМСТВО ""МІСЬКА КЛІНІЧНА БАГАТОПРОФІЛЬНА ЛІКАРНЯ № 25"" ХАРКІВСЬКОЇ МІСЬКОЇ РАДИ","49.942858","36.364648",3,"0","0","4"
"ХАРКІВСЬКА","22689195","КОМУНАЛЬНЕ НЕКОМЕРЦІЙНЕ ПІДПРИЄМСТВО ""МІСЬКА КЛІНІЧНА БАГАТОПРОФІЛЬНА ЛІКАРНЯ № 25"" ХАРКІВСЬКОЇ МІСЬКОЇ РАДИ","49.942858","36.364648",5,"0","0","1"
"ХАРКІВСЬКА","24660907","КОМУНАЛЬНЕ  НЕКОМЕРЦІЙНЕ ПІДПРИЄМСТВО ""МІСЬКА КЛІНІЧНА  ДИТЯЧА ЛІКАРНЯ № 16"" ХАРКІВСЬКОЇ МІСЬКОЇ РАДИ","49.935516","36.360630",2,"2","0","0"
"ХАРКІВСЬКА","24660907","КОМУНАЛЬНЕ  НЕКОМЕРЦІЙНЕ ПІДПРИЄМСТВО ""МІСЬКА КЛІНІЧНА  ДИТЯЧА ЛІКАРНЯ № 16"" ХАРКІВСЬКОЇ МІСЬКОЇ РАДИ","49.935516","36.360630",3,"2","0","0"
"М.КИЇВ","25637595","КОМУНАЛЬНЕ НЕКОМЕРЦІЙНЕ ПІДПРИЄМСТВО ""КИЇВСЬКА МІСЬКА КЛІНІЧНА ЛІКАРНЯ №2"" ВИКОНАВЧОГО ОРГАНУ КИЇВСЬКОЇ МІСЬКОЇ РАДИ (КИЇВСЬКОЇ МІСЬКОЇ ДЕРЖАВНОЇ АДМІНІСТРАЦІЇ)","50.457062","30.624519",1,"0","0","129"
"М.КИЇВ","25637595","КОМУНАЛЬНЕ НЕКОМЕРЦІЙНЕ ПІДПРИЄМСТВО ""КИЇВСЬКА МІСЬКА КЛІНІЧНА ЛІКАРНЯ №2"" ВИКОНАВЧОГО ОРГАНУ КИЇВСЬКОЇ МІСЬКОЇ РАДИ (КИЇВСЬКОЇ МІСЬКОЇ ДЕРЖАВНОЇ АДМІНІСТРАЦІЇ)","50.457062","30.624519",2,"0","0","166"
"М.КИЇВ","25637595","КОМУНАЛЬНЕ НЕКОМЕРЦІЙНЕ ПІДПРИЄМСТВО ""КИЇВСЬКА МІСЬКА КЛІНІЧНА ЛІКАРНЯ №2"" ВИКОНАВЧОГО ОРГАНУ КИЇВСЬКОЇ МІСЬКОЇ РАДИ (КИЇВСЬКОЇ МІСЬКОЇ ДЕРЖАВНОЇ АДМІНІСТРАЦІЇ)","50.457062","30.624519",3,"0","0","191"
"ХАРКІВСЬКА","31437719","КОМУНАЛЬНЕ НЕКОМЕРЦІЙНЕ ПІДПРИЄМСТВО ХАРКІВСЬКОЇ ОБЛАСНОЇ РАДИ ""ОБЛАСНИЙ МЕДИЧНИЙ КЛІНІЧНИЙ ЦЕНТР УРОЛОГІЇ І НЕФРОЛОГІЇ ІМ. В.І.ШАПОВАЛА""","49.978687","36.290024",1,"0","75","0"
"ХАРКІВСЬКА","31437719","КОМУНАЛЬНЕ НЕКОМЕРЦІЙНЕ ПІДПРИЄМСТВО ХАРКІВСЬКОЇ ОБЛАСНОЇ РАДИ ""ОБЛАСНИЙ МЕДИЧНИЙ КЛІНІЧНИЙ ЦЕНТР УРОЛОГІЇ І НЕФРОЛОГІЇ ІМ. В.І.ШАПОВАЛА""","49.978687","36.290024",2,"0","92","0"
"ХАРКІВСЬКА","31437719","КОМУНАЛЬНЕ НЕКОМЕРЦІЙНЕ ПІДПРИЄМСТВО ХАРКІВСЬКОЇ ОБЛАСНОЇ РАДИ ""ОБЛАСНИЙ МЕДИЧНИЙ КЛІНІЧНИЙ ЦЕНТР УРОЛОГІЇ І НЕФРОЛОГІЇ ІМ. В.І.ШАПОВАЛА""","49.978687","36.290024",3,"0","57","0"
"ХАРКІВСЬКА","31437719","КОМУНАЛЬНЕ НЕКОМЕРЦІЙНЕ ПІДПРИЄМСТВО ХАРКІВСЬКОЇ ОБЛАСНОЇ РАДИ ""ОБЛАСНИЙ МЕДИЧНИЙ КЛІНІЧНИЙ ЦЕНТР УРОЛОГІЇ І НЕФРОЛОГІЇ ІМ. В.І.ШАПОВАЛА""","49.978687","36.290024",4,"0","74","0"
"ХАРКІВСЬКА","31437719","КОМУНАЛЬНЕ НЕКОМЕРЦІЙНЕ ПІДПРИЄМСТВО ХАРКІВСЬКОЇ ОБЛАСНОЇ РАДИ ""ОБЛАСНИЙ МЕДИЧНИЙ КЛІНІЧНИЙ ЦЕНТР УРОЛОГІЇ І НЕФРОЛОГІЇ ІМ. В.І.ШАПОВАЛА""","49.978687","36.290024",5,"0","104","0"
"КІРОВОГРАДСЬКА","32504424","ПРИВАТНЕ ПІДПРИЄМСТВО ""ЛІКАРНЯ СВЯТОГО ЛУКИ""","48.505526","32.262843",1,"0","0","20"
"КІРОВОГРАДСЬКА","32504424","ПРИВАТНЕ ПІДПРИЄМСТВО ""ЛІКАРНЯ СВЯТОГО ЛУКИ""","48.505526","32.262843",2,"0","0","24"
"КІРОВОГРАДСЬКА","32504424","ПРИВАТНЕ ПІДПРИЄМСТВО ""ЛІКАРНЯ СВЯТОГО ЛУКИ""","48.505526","32.262843",3,"0","0","13"
"КІРОВОГРАДСЬКА","32504424","ПРИВАТНЕ ПІДПРИЄМСТВО ""ЛІКАРНЯ СВЯТОГО ЛУКИ""","48.505526","32.262843",4,"0","0","15"
"КІРОВОГРАДСЬКА","32504424","ПРИВАТНЕ ПІДПРИЄМСТВО ""ЛІКАРНЯ СВЯТОГО ЛУКИ""","48.505526","32.262843",5,"0","0","8"
"ЗАКАРПАТСЬКА","33985449","КОМУНАЛЬНЕ НЕКОМЕРЦІЙНЕ ПІДПРИЄМСТВО "" ОБЛАСНИЙ КЛІНІЧНИЙ ЦЕНТР НЕЙРОХІРУРГІЇ ТА НЕВРОЛОГІЇ"" ЗАКАРПАТСЬКОЇ ОБЛАСНОЇ РАДИ","48.618956","22.290920",1,"0","14","0"
"ЗАКАРПАТСЬКА","33985449","КОМУНАЛЬНЕ НЕКОМЕРЦІЙНЕ ПІДПРИЄМСТВО "" ОБЛАСНИЙ КЛІНІЧНИЙ ЦЕНТР НЕЙРОХІРУРГІЇ ТА НЕВРОЛОГІЇ"" ЗАКАРПАТСЬКОЇ ОБЛАСНОЇ РАДИ","48.618956","22.290920",2,"0","16","0"
"ЗАКАРПАТСЬКА","33985449","КОМУНАЛЬНЕ НЕКОМЕРЦІЙНЕ ПІДПРИЄМСТВО "" ОБЛАСНИЙ КЛІНІЧНИЙ ЦЕНТР НЕЙРОХІРУРГІЇ ТА НЕВРОЛОГІЇ"" ЗАКАРПАТСЬКОЇ ОБЛАСНОЇ РАДИ","48.618956","22.290920",3,"0","10","0"
"ЗАКАРПАТСЬКА","33985449","КОМУНАЛЬНЕ НЕКОМЕРЦІЙНЕ ПІДПРИЄМСТВО "" ОБЛАСНИЙ КЛІНІЧНИЙ ЦЕНТР НЕЙРОХІРУРГІЇ ТА НЕВРОЛОГІЇ"" ЗАКАРПАТСЬКОЇ ОБЛАСНОЇ РАДИ","48.618956","22.290920",4,"0","14","0"
"ЗАКАРПАТСЬКА","33985449","КОМУНАЛЬНЕ НЕКОМЕРЦІЙНЕ ПІДПРИЄМСТВО "" ОБЛАСНИЙ КЛІНІЧНИЙ ЦЕНТР НЕЙРОХІРУРГІЇ ТА НЕВРОЛОГІЇ"" ЗАКАРПАТСЬКОЇ ОБЛАСНОЇ РАДИ","48.618956","22.290920",5,"0","14","0"
"ДНІПРОПЕТРОВСЬКА","34315675","ТОВАРИСТВО З ОБМЕЖЕНОЮ ВІДПОВІДАЛЬНІСТЮ ""ЕНДОТЕХНОМЕД""","48.518046","35.078365",1,"0","57","0"
"ДНІПРОПЕТРОВСЬКА","34315675","ТОВАРИСТВО З ОБМЕЖЕНОЮ ВІДПОВІДАЛЬНІСТЮ ""ЕНДОТЕХНОМЕД""","48.518046","35.078365",2,"0","55","1"
"ДНІПРОПЕТРОВСЬКА","34315675","ТОВАРИСТВО З ОБМЕЖЕНОЮ ВІДПОВІДАЛЬНІСТЮ ""ЕНДОТЕХНОМЕД""","48.518046","35.078365",3,"0","64","0"
"ДНІПРОПЕТРОВСЬКА","34315675","ТОВАРИСТВО З ОБМЕЖЕНОЮ ВІДПОВІДАЛЬНІСТЮ ""ЕНДОТЕХНОМЕД""","48.518046","35.078365",4,"0","63","0"
"ДНІПРОПЕТРОВСЬКА","34315675","ТОВАРИСТВО З ОБМЕЖЕНОЮ ВІДПОВІДАЛЬНІСТЮ ""ЕНДОТЕХНОМЕД""","48.518046","35.078365",5,"0","67","0"
"М.КИЇВ","34692776","ТОВАРИСТВО З ОБМЕЖЕНОЮ ВІДПОВІДАЛЬНІСТЮ ""ВІЖН ПАРТНЕР""","50.443329","30.434974",1,"0","15","0"
"М.КИЇВ","34692776","ТОВАРИСТВО З ОБМЕЖЕНОЮ ВІДПОВІДАЛЬНІСТЮ ""ВІЖН ПАРТНЕР""","50.443329","30.434974",2,"0","11","0"
"М.КИЇВ","34692776","ТОВАРИСТВО З ОБМЕЖЕНОЮ ВІДПОВІДАЛЬНІСТЮ ""ВІЖН ПАРТНЕР""","50.443329","30.434974",3,"0","16","0"
"М.КИЇВ","34692776","ТОВАРИСТВО З ОБМЕЖЕНОЮ ВІДПОВІДАЛЬНІСТЮ ""ВІЖН ПАРТНЕР""","50.443329","30.434974",4,"0","28","0"
"М.КИЇВ","34692776","ТОВАРИСТВО З ОБМЕЖЕНОЮ ВІДПОВІДАЛЬНІСТЮ ""ВІЖН ПАРТНЕР""","50.443329","30.434974",5,"0","21","0"
"ЛЬВІВСЬКА","35472249","ПРИВАТНЕ ПІДПРИЄМСТВО ""МЕРЕЖА МЕДИЧНИХ ЦЕНТРІВ ""РОДИНА""","49.815210","24.039746",5,"0","0","2"
"КІРОВОГРАДСЬКА","39085516","ТОВАРИСТВО З ОБМЕЖЕНОЮ ВІДПОВІДАЛЬНІСТЮ ""УКРАЇНСЬКИЙ ЦЕНТР ТОМОТЕРАПІЇ""","48.502752","32.297970",1,"0","178","51"
"КІРОВОГРАДСЬКА","39085516","ТОВАРИСТВО З ОБМЕЖЕНОЮ ВІДПОВІДАЛЬНІСТЮ ""УКРАЇНСЬКИЙ ЦЕНТР ТОМОТЕРАПІЇ""","48.502752","32.297970",2,"0","183","53"
"КІРОВОГРАДСЬКА","39085516","ТОВАРИСТВО З ОБМЕЖЕНОЮ ВІДПОВІДАЛЬНІСТЮ ""УКРАЇНСЬКИЙ ЦЕНТР ТОМОТЕРАПІЇ""","48.502752","32.297970",3,"0","206","15"
"КІРОВОГРАДСЬКА","39085516","ТОВАРИСТВО З ОБМЕЖЕНОЮ ВІДПОВІДАЛЬНІСТЮ ""УКРАЇНСЬКИЙ ЦЕНТР ТОМОТЕРАПІЇ""","48.502752","32.297970",4,"0","232","9"
"КІРОВОГРАДСЬКА","39085516","ТОВАРИСТВО З ОБМЕЖЕНОЮ ВІДПОВІДАЛЬНІСТЮ ""УКРАЇНСЬКИЙ ЦЕНТР ТОМОТЕРАПІЇ""","48.502752","32.297970",5,"0","220","12"
"ДНІПРОПЕТРОВСЬКА","39336307","ТОВАРИСТВО З ОБМЕЖЕНОЮ ВІДПОВІДАЛЬНІСТЮ ""СКАЙ-ВІННЕР""","48.461999","35.057193",1,"0","0","37"
"ДНІПРОПЕТРОВСЬКА","39336307","ТОВАРИСТВО З ОБМЕЖЕНОЮ ВІДПОВІДАЛЬНІСТЮ ""СКАЙ-ВІННЕР""","48.461999","35.057193",2,"0","0","30"
"ДНІПРОПЕТРОВСЬКА","39336307","ТОВАРИСТВО З ОБМЕЖЕНОЮ ВІДПОВІДАЛЬНІСТЮ ""СКАЙ-ВІННЕР""","48.461999","35.057193",3,"0","0","28"
"ДНІПРОПЕТРОВСЬКА","39336307","ТОВАРИСТВО З ОБМЕЖЕНОЮ ВІДПОВІДАЛЬНІСТЮ ""СКАЙ-ВІННЕР""","48.461999","35.057193",4,"0","0","27"
"ДНІПРОПЕТРОВСЬКА","39336307","ТОВАРИСТВО З ОБМЕЖЕНОЮ ВІДПОВІДАЛЬНІСТЮ ""СКАЙ-ВІННЕР""","48.461999","35.057193",5,"0","0","28"
"ЗАКАРПАТСЬКА","40835473","КОМУНАЛЬНЕ НЕКОМЕРЦІЙНЕ ПІДПРИЄМСТВО ""УЖГОРОДСЬКА МІСЬКА БАГАТОПРОФІЛЬНА КЛІНІЧНА ЛІКАРНЯ"" УЖГОРОДСЬКОЇ МІСЬКОЇ РАДИ","48.601352","22.285904",1,"0","0","86"
"ЗАКАРПАТСЬКА","40835473","КОМУНАЛЬНЕ НЕКОМЕРЦІЙНЕ ПІДПРИЄМСТВО ""УЖГОРОДСЬКА МІСЬКА БАГАТОПРОФІЛЬНА КЛІНІЧНА ЛІКАРНЯ"" УЖГОРОДСЬКОЇ МІСЬКОЇ РАДИ","48.601352","22.285904",2,"0","0","87"
"ЗАКАРПАТСЬКА","40835473","КОМУНАЛЬНЕ НЕКОМЕРЦІЙНЕ ПІДПРИЄМСТВО ""УЖГОРОДСЬКА МІСЬКА БАГАТОПРОФІЛЬНА КЛІНІЧНА ЛІКАРНЯ"" УЖГОРОДСЬКОЇ МІСЬКОЇ РАДИ","48.601352","22.285904",3,"0","0","98"
"ЗАКАРПАТСЬКА","40835473","КОМУНАЛЬНЕ НЕКОМЕРЦІЙНЕ ПІДПРИЄМСТВО ""УЖГОРОДСЬКА МІСЬКА БАГАТОПРОФІЛЬНА КЛІНІЧНА ЛІКАРНЯ"" УЖГОРОДСЬКОЇ МІСЬКОЇ РАДИ","48.601352","22.285904",4,"0","0","103"
"ЗАКАРПАТСЬКА","40835473","КОМУНАЛЬНЕ НЕКОМЕРЦІЙНЕ ПІДПРИЄМСТВО ""УЖГОРОДСЬКА МІСЬКА БАГАТОПРОФІЛЬНА КЛІНІЧНА ЛІКАРНЯ"" УЖГОРОДСЬКОЇ МІСЬКОЇ РАДИ","48.601352","22.285904",5,"0","0","100"
"ХАРКІВСЬКА","40929168","КОМУНАЛЬНЕ НЕКОМЕРЦІЙНЕ ПІДПРИЄМСТВО ""ОБЛАСНИЙ ЦЕНТР ОНКОЛОГІЇ""","50.039183","36.282133",1,"0","16","1350"
"ХАРКІВСЬКА","40929168","КОМУНАЛЬНЕ НЕКОМЕРЦІЙНЕ ПІДПРИЄМСТВО ""ОБЛАСНИЙ ЦЕНТР ОНКОЛОГІЇ""","50.039183","36.282133",2,"0","27","1422"
"ХАРКІВСЬКА","40929168","КОМУНАЛЬНЕ НЕКОМЕРЦІЙНЕ ПІДПРИЄМСТВО ""ОБЛАСНИЙ ЦЕНТР ОНКОЛОГІЇ""","50.039183","36.282133",3,"0","21","1486"
"ХАРКІВСЬКА","40929168","КОМУНАЛЬНЕ НЕКОМЕРЦІЙНЕ ПІДПРИЄМСТВО ""ОБЛАСНИЙ ЦЕНТР ОНКОЛОГІЇ""","50.039183","36.282133",4,"0","12","1499"
"ХАРКІВСЬКА","40929168","КОМУНАЛЬНЕ НЕКОМЕРЦІЙНЕ ПІДПРИЄМСТВО ""ОБЛАСНИЙ ЦЕНТР ОНКОЛОГІЇ""","50.039183","36.282133",5,"0","17","1497"
"ХАРКІВСЬКА","40929168","КОМУНАЛЬНЕ НЕКОМЕРЦІЙНЕ ПІДПРИЄМСТВО ""ОБЛАСНИЙ ЦЕНТР ОНКОЛОГІЇ""","50.039183","36.282133",6,"0","0","1"
"ВОЛИНСЬКА","42078561","КОМУНАЛЬНЕ ПІДПРИЄМСТВО ""ВОЛИНСЬКЕ ОБЛАСНЕ ТЕРИТОРІАЛЬНЕ МЕДИЧНЕ ОБ'ЄДНАННЯ ЗАХИСТУ МАТЕРИНСТВА І ДИТИНСТВА"" ВОЛИНСЬКОЇ ОБЛАСНОЇ РАДИ","50.740061","25.451157",1,"4","0","0"
"ВОЛИНСЬКА","42078561","КОМУНАЛЬНЕ ПІДПРИЄМСТВО ""ВОЛИНСЬКЕ ОБЛАСНЕ ТЕРИТОРІАЛЬНЕ МЕДИЧНЕ ОБ'ЄДНАННЯ ЗАХИСТУ МАТЕРИНСТВА І ДИТИНСТВА"" ВОЛИНСЬКОЇ ОБЛАСНОЇ РАДИ","50.740061","25.451157",2,"2","0","0"
"ВОЛИНСЬКА","42078561","КОМУНАЛЬНЕ ПІДПРИЄМСТВО ""ВОЛИНСЬКЕ ОБЛАСНЕ ТЕРИТОРІАЛЬНЕ МЕДИЧНЕ ОБ'ЄДНАННЯ ЗАХИСТУ МАТЕРИНСТВА І ДИТИНСТВА"" ВОЛИНСЬКОЇ ОБЛАСНОЇ РАДИ","50.740061","25.451157",3,"3","0","1"
"ВОЛИНСЬКА","42078561","КОМУНАЛЬНЕ ПІДПРИЄМСТВО ""ВОЛИНСЬКЕ ОБЛАСНЕ ТЕРИТОРІАЛЬНЕ МЕДИЧНЕ ОБ'ЄДНАННЯ ЗАХИСТУ МАТЕРИНСТВА І ДИТИНСТВА"" ВОЛИНСЬКОЇ ОБЛАСНОЇ РАДИ","50.740061","25.451157",4,"3","0","0"
"ВОЛИНСЬКА","42078561","КОМУНАЛЬНЕ ПІДПРИЄМСТВО ""ВОЛИНСЬКЕ ОБЛАСНЕ ТЕРИТОРІАЛЬНЕ МЕДИЧНЕ ОБ'ЄДНАННЯ ЗАХИСТУ МАТЕРИНСТВА І ДИТИНСТВА"" ВОЛИНСЬКОЇ ОБЛАСНОЇ РАДИ","50.740061","25.451157",5,"2","0","0"
"М.КИЇВ","42751893","КОМУНАЛЬНЕ НЕКОМЕРЦІЙНЕ ПІДПРИЄМСТВО ""КИЇВСЬКИЙ МІСЬКИЙ ЦЕНТР НЕФРОЛОГІЇ ТА ДІАЛІЗУ"" ВИКОНАВЧОГО ОРГАНУ КИЇВСЬКОЇ МІСЬКОЇ РАДИ (КИЇВСЬКОЇ МІСЬКОЇ ДЕРЖАВНОЇ АДМІНІСТРАЦІЇ)","50.478475","30.593280",3,"0","0","8"
"М.КИЇВ","42751893","КОМУНАЛЬНЕ НЕКОМЕРЦІЙНЕ ПІДПРИЄМСТВО ""КИЇВСЬКИЙ МІСЬКИЙ ЦЕНТР НЕФРОЛОГІЇ ТА ДІАЛІЗУ"" ВИКОНАВЧОГО ОРГАНУ КИЇВСЬКОЇ МІСЬКОЇ РАДИ (КИЇВСЬКОЇ МІСЬКОЇ ДЕРЖАВНОЇ АДМІНІСТРАЦІЇ)","50.478475","30.593280",4,"0","0","160"
"М.КИЇВ","42751893","КОМУНАЛЬНЕ НЕКОМЕРЦІЙНЕ ПІДПРИЄМСТВО ""КИЇВСЬКИЙ МІСЬКИЙ ЦЕНТР НЕФРОЛОГІЇ ТА ДІАЛІЗУ"" ВИКОНАВЧОГО ОРГАНУ КИЇВСЬКОЇ МІСЬКОЇ РАДИ (КИЇВСЬКОЇ МІСЬКОЇ ДЕРЖАВНОЇ АДМІНІСТРАЦІЇ)","50.478475","30.593280",5,"0","0","129"
"ЖИТОМИРСЬКА","42788614","КОМУНАЛЬНЕ ПІДПРИЄМСТВО ""ЛІКАРНЯ №1"" ЖИТОМИРСЬКОЇ МІСЬКОЇ РАДИ","50.243322","28.685714",1,"0","104","80"
"ЖИТОМИРСЬКА","42788614","КОМУНАЛЬНЕ ПІДПРИЄМСТВО ""ЛІКАРНЯ №1"" ЖИТОМИРСЬКОЇ МІСЬКОЇ РАДИ","50.243322","28.685714",2,"0","149","84"
"ЖИТОМИРСЬКА","42788614","КОМУНАЛЬНЕ ПІДПРИЄМСТВО ""ЛІКАРНЯ №1"" ЖИТОМИРСЬКОЇ МІСЬКОЇ РАДИ","50.243322","28.685714",3,"0","116","93"
"ЖИТОМИРСЬКА","42788614","КОМУНАЛЬНЕ ПІДПРИЄМСТВО ""ЛІКАРНЯ №1"" ЖИТОМИРСЬКОЇ МІСЬКОЇ РАДИ","50.243322","28.685714",4,"0","5","91"
"ЖИТОМИРСЬКА","42788614","КОМУНАЛЬНЕ ПІДПРИЄМСТВО ""ЛІКАРНЯ №1"" ЖИТОМИРСЬКОЇ МІСЬКОЇ РАДИ","50.243322","28.685714",5,"0","130","115"
"ЖИТОМИРСЬКА","42789136","КОМУНАЛЬНЕ ПІДПРИЄМСТВО ""ЛІКАРНЯ №2 ІМ. В.П. ПАВЛУСЕНКА"" ЖИТОМИРСЬКОЇ МІСЬКОЇ РАДИ","50.281258","28.610388",1,"0","0","4"
"ЖИТОМИРСЬКА","42789136","КОМУНАЛЬНЕ ПІДПРИЄМСТВО ""ЛІКАРНЯ №2 ІМ. В.П. ПАВЛУСЕНКА"" ЖИТОМИРСЬКОЇ МІСЬКОЇ РАДИ","50.281258","28.610388",2,"0","0","2"
"ЖИТОМИРСЬКА","42789136","КОМУНАЛЬНЕ ПІДПРИЄМСТВО ""ЛІКАРНЯ №2 ІМ. В.П. ПАВЛУСЕНКА"" ЖИТОМИРСЬКОЇ МІСЬКОЇ РАДИ","50.281258","28.610388",3,"0","0","3"
"ЖИТОМИРСЬКА","42789136","КОМУНАЛЬНЕ ПІДПРИЄМСТВО ""ЛІКАРНЯ №2 ІМ. В.П. ПАВЛУСЕНКА"" ЖИТОМИРСЬКОЇ МІСЬКОЇ РАДИ","50.281258","28.610388",4,"0","0","7"
"ЖИТОМИРСЬКА","42789136","КОМУНАЛЬНЕ ПІДПРИЄМСТВО ""ЛІКАРНЯ №2 ІМ. В.П. ПАВЛУСЕНКА"" ЖИТОМИРСЬКОЇ МІСЬКОЇ РАДИ","50.281258","28.610388",5,"0","0","7"
"ЧЕРНІВЕЦЬКА","43288621","ОБЛАСНЕ КОМУНАЛЬНЕ НЕКОМЕРЦІЙНЕ ПІДПРИЄМСТВО ""ЧЕРНІВЕЦЬКА ОБЛАСНА КЛІНІЧНА ЛІКАРНЯ""","48.279630","25.942417",1,"0","4","176"
"ЧЕРНІВЕЦЬКА","43288621","ОБЛАСНЕ КОМУНАЛЬНЕ НЕКОМЕРЦІЙНЕ ПІДПРИЄМСТВО ""ЧЕРНІВЕЦЬКА ОБЛАСНА КЛІНІЧНА ЛІКАРНЯ""","48.279630","25.942417",2,"0","5","175"
"ЧЕРНІВЕЦЬКА","43288621","ОБЛАСНЕ КОМУНАЛЬНЕ НЕКОМЕРЦІЙНЕ ПІДПРИЄМСТВО ""ЧЕРНІВЕЦЬКА ОБЛАСНА КЛІНІЧНА ЛІКАРНЯ""","48.279630","25.942417",3,"0","7","179"
"ЧЕРНІВЕЦЬКА","43288621","ОБЛАСНЕ КОМУНАЛЬНЕ НЕКОМЕРЦІЙНЕ ПІДПРИЄМСТВО ""ЧЕРНІВЕЦЬКА ОБЛАСНА КЛІНІЧНА ЛІКАРНЯ""","48.279630","25.942417",4,"0","12","157"
"ЧЕРНІВЕЦЬКА","43288621","ОБЛАСНЕ КОМУНАЛЬНЕ НЕКОМЕРЦІЙНЕ ПІДПРИЄМСТВО ""ЧЕРНІВЕЦЬКА ОБЛАСНА КЛІНІЧНА ЛІКАРНЯ""","48.279630","25.942417",5,"0","6","199"
"ЧЕРНІВЕЦЬКА","43291042","ОБЛАСНЕ КОМУНАЛЬНЕ НЕКОМЕРЦІЙНЕ ПІДПРИЄМСТВО ""ЧЕРНІВЕЦЬКА ОБЛАСНА ДИТЯЧА КЛІНІЧНА ЛІКАРНЯ""","48.283216","25.976007",1,"4","0","0"
"ЧЕРНІВЕЦЬКА","43291042","ОБЛАСНЕ КОМУНАЛЬНЕ НЕКОМЕРЦІЙНЕ ПІДПРИЄМСТВО ""ЧЕРНІВЕЦЬКА ОБЛАСНА ДИТЯЧА КЛІНІЧНА ЛІКАРНЯ""","48.283216","25.976007",2,"3","0","0"
"ЧЕРНІВЕЦЬКА","43291042","ОБЛАСНЕ КОМУНАЛЬНЕ НЕКОМЕРЦІЙНЕ ПІДПРИЄМСТВО ""ЧЕРНІВЕЦЬКА ОБЛАСНА ДИТЯЧА КЛІНІЧНА ЛІКАРНЯ""","48.283216","25.976007",3,"3","0","0"
"ЧЕРНІВЕЦЬКА","43291042","ОБЛАСНЕ КОМУНАЛЬНЕ НЕКОМЕРЦІЙНЕ ПІДПРИЄМСТВО ""ЧЕРНІВЕЦЬКА ОБЛАСНА ДИТЯЧА КЛІНІЧНА ЛІКАРНЯ""","48.283216","25.976007",4,"4","0","0"
"ЧЕРНІВЕЦЬКА","43291042","ОБЛАСНЕ КОМУНАЛЬНЕ НЕКОМЕРЦІЙНЕ ПІДПРИЄМСТВО ""ЧЕРНІВЕЦЬКА ОБЛАСНА ДИТЯЧА КЛІНІЧНА ЛІКАРНЯ""","48.283216","25.976007",5,"2","0","0"
"ЧЕРНІВЕЦЬКА","43343870","ОБЛАСНЕ КОМУНАЛЬНЕ НЕКОМЕРЦІЙНЕ ПІДПРИЄМСТВО ""БУКОВИНСЬКИЙ КЛІНІЧНИЙ ОНКОЛОГІЧНИЙ ЦЕНТР""","48.259288","25.926670",1,"0","259","657"
"ЧЕРНІВЕЦЬКА","43343870","ОБЛАСНЕ КОМУНАЛЬНЕ НЕКОМЕРЦІЙНЕ ПІДПРИЄМСТВО ""БУКОВИНСЬКИЙ КЛІНІЧНИЙ ОНКОЛОГІЧНИЙ ЦЕНТР""","48.259288","25.926670",2,"0","227","715"
"ЧЕРНІВЕЦЬКА","43343870","ОБЛАСНЕ КОМУНАЛЬНЕ НЕКОМЕРЦІЙНЕ ПІДПРИЄМСТВО ""БУКОВИНСЬКИЙ КЛІНІЧНИЙ ОНКОЛОГІЧНИЙ ЦЕНТР""","48.259288","25.926670",3,"0","252","755"
"ЧЕРНІВЕЦЬКА","43343870","ОБЛАСНЕ КОМУНАЛЬНЕ НЕКОМЕРЦІЙНЕ ПІДПРИЄМСТВО ""БУКОВИНСЬКИЙ КЛІНІЧНИЙ ОНКОЛОГІЧНИЙ ЦЕНТР""","48.259288","25.926670",4,"0","173","735"
"ЧЕРНІВЕЦЬКА","43343870","ОБЛАСНЕ КОМУНАЛЬНЕ НЕКОМЕРЦІЙНЕ ПІДПРИЄМСТВО ""БУКОВИНСЬКИЙ КЛІНІЧНИЙ ОНКОЛОГІЧНИЙ ЦЕНТР""","48.259288","25.926670",5,"0","303","826"
"ЧЕРНІВЕЦЬКА","44215863","ТОВАРИСТВО З ОБМЕЖЕНОЮ ВІДПОВІДАЛЬНІСТЮ ""МЕДИЧНИЙ ЦЕНТР ""КЛІНІКА СВЯТОГО ЛУКИ""","49.758810","32.166148",1,"0","0","12"
"ЧЕРНІВЕЦЬКА","44215863","ТОВАРИСТВО З ОБМЕЖЕНОЮ ВІДПОВІДАЛЬНІСТЮ ""МЕДИЧНИЙ ЦЕНТР ""КЛІНІКА СВЯТОГО ЛУКИ""","49.758810","32.166148",2,"0","0","17"
"ЧЕРНІВЕЦЬКА","44215863","ТОВАРИСТВО З ОБМЕЖЕНОЮ ВІДПОВІДАЛЬНІСТЮ ""МЕДИЧНИЙ ЦЕНТР ""КЛІНІКА СВЯТОГО ЛУКИ""","49.758810","32.166148",3,"0","0","12"
"ЧЕРНІВЕЦЬКА","44215863","ТОВАРИСТВО З ОБМЕЖЕНОЮ ВІДПОВІДАЛЬНІСТЮ ""МЕДИЧНИЙ ЦЕНТР ""КЛІНІКА СВЯТОГО ЛУКИ""","49.758810","32.166148",4,"0","0","20"
"ЧЕРНІВЕЦЬКА","44215863","ТОВАРИСТВО З ОБМЕЖЕНОЮ ВІДПОВІДАЛЬНІСТЮ ""МЕДИЧНИЙ ЦЕНТР ""КЛІНІКА СВЯТОГО ЛУКИ""","49.758810","32.166148",5,"0","0","18"
"ЛЬВІВСЬКА","44496574","КОМУНАЛЬНЕ НЕКОМЕРЦІЙНЕ ПІДПРИЄМСТВО "" ЛЬВІВСЬКЕ ТЕРИТОРІАЛЬНЕ МЕДИЧНЕ ОБ'ЄДНАННЯ "" БАГАТОПРОФІЛЬНА КЛІНІЧНА ЛІКАРНЯ ІНТЕНСИВНИХ МЕТОДІВ ЛІКУВАННЯ ТА ШВИДКОЇ МЕДИЧНОЇ ДОПОМОГИ""","49.874263","24.039482",1,"19","171","8"
"ЛЬВІВСЬКА","44496574","КОМУНАЛЬНЕ НЕКОМЕРЦІЙНЕ ПІДПРИЄМСТВО "" ЛЬВІВСЬКЕ ТЕРИТОРІАЛЬНЕ МЕДИЧНЕ ОБ'ЄДНАННЯ "" БАГАТОПРОФІЛЬНА КЛІНІЧНА ЛІКАРНЯ ІНТЕНСИВНИХ МЕТОДІВ ЛІКУВАННЯ ТА ШВИДКОЇ МЕДИЧНОЇ ДОПОМОГИ""","49.874263","24.039482",2,"19","171","5"
"ЛЬВІВСЬКА","44496574","КОМУНАЛЬНЕ НЕКОМЕРЦІЙНЕ ПІДПРИЄМСТВО "" ЛЬВІВСЬКЕ ТЕРИТОРІАЛЬНЕ МЕДИЧНЕ ОБ'ЄДНАННЯ "" БАГАТОПРОФІЛЬНА КЛІНІЧНА ЛІКАРНЯ ІНТЕНСИВНИХ МЕТОДІВ ЛІКУВАННЯ ТА ШВИДКОЇ МЕДИЧНОЇ ДОПОМОГИ""","49.874263","24.039482",3,"21","176","5"
"ЛЬВІВСЬКА","44496574","КОМУНАЛЬНЕ НЕКОМЕРЦІЙНЕ ПІДПРИЄМСТВО "" ЛЬВІВСЬКЕ ТЕРИТОРІАЛЬНЕ МЕДИЧНЕ ОБ'ЄДНАННЯ "" БАГАТОПРОФІЛЬНА КЛІНІЧНА ЛІКАРНЯ ІНТЕНСИВНИХ МЕТОДІВ ЛІКУВАННЯ ТА ШВИДКОЇ МЕДИЧНОЇ ДОПОМОГИ""","49.874263","24.039482",4,"21","195","3"
"ЛЬВІВСЬКА","44496574","КОМУНАЛЬНЕ НЕКОМЕРЦІЙНЕ ПІДПРИЄМСТВО "" ЛЬВІВСЬКЕ ТЕРИТОРІАЛЬНЕ МЕДИЧНЕ ОБ'ЄДНАННЯ "" БАГАТОПРОФІЛЬНА КЛІНІЧНА ЛІКАРНЯ ІНТЕНСИВНИХ МЕТОДІВ ЛІКУВАННЯ ТА ШВИДКОЇ МЕДИЧНОЇ ДОПОМОГИ""","49.874263","24.039482",5,"19","150","2"
"М.КИЇВ","45233967","ДЕРЖАВНА УСТАНОВА ""НАЦІОНАЛЬНИЙ НАУКОВИЙ ЦЕНТР ХІРУРГІЇ ТА ТРАНСПЛАНТОЛОГІЇ ІМЕНІ О.О. ШАЛІМОВА НАЦІОНАЛЬНОЇ АКАДЕМІЇ МЕДИЧНИХ НАУК УКРАЇНИ""","50.434989","30.419702",1,"0","7","14"
"М.КИЇВ","45233967","ДЕРЖАВНА УСТАНОВА ""НАЦІОНАЛЬНИЙ НАУКОВИЙ ЦЕНТР ХІРУРГІЇ ТА ТРАНСПЛАНТОЛОГІЇ ІМЕНІ О.О. ШАЛІМОВА НАЦІОНАЛЬНОЇ АКАДЕМІЇ МЕДИЧНИХ НАУК УКРАЇНИ""","50.434989","30.419702",2,"0","19","15"
"М.КИЇВ","45233967","ДЕРЖАВНА УСТАНОВА ""НАЦІОНАЛЬНИЙ НАУКОВИЙ ЦЕНТР ХІРУРГІЇ ТА ТРАНСПЛАНТОЛОГІЇ ІМЕНІ О.О. ШАЛІМОВА НАЦІОНАЛЬНОЇ АКАДЕМІЇ МЕДИЧНИХ НАУК УКРАЇНИ""","50.434989","30.419702",3,"0","72","17"
"М.КИЇВ","45233967","ДЕРЖАВНА УСТАНОВА ""НАЦІОНАЛЬНИЙ НАУКОВИЙ ЦЕНТР ХІРУРГІЇ ТА ТРАНСПЛАНТОЛОГІЇ ІМЕНІ О.О. ШАЛІМОВА НАЦІОНАЛЬНОЇ АКАДЕМІЇ МЕДИЧНИХ НАУК УКРАЇНИ""","50.434989","30.419702",4,"0","65","19"
"М.КИЇВ","45233967","ДЕРЖАВНА УСТАНОВА ""НАЦІОНАЛЬНИЙ НАУКОВИЙ ЦЕНТР ХІРУРГІЇ ТА ТРАНСПЛАНТОЛОГІЇ ІМЕНІ О.О. ШАЛІМОВА НАЦІОНАЛЬНОЇ АКАДЕМІЇ МЕДИЧНИХ НАУК УКРАЇНИ""","50.434989","30.419702",5,"0","57","22"
"М.КИЇВ","45350633","ДЕРЖАВНА УСТАНОВА ""НАЦІОНАЛЬНИЙ НАУКОВИЙ ЦЕНТР РАДІАЦІЙНОЇ МЕДИЦИНИ, ГЕМАТОЛОГІЇ ТА ОНКОЛОГІЇ НАЦІОНАЛЬНОЇ АКАДЕМІЇ МЕДИЧНИХ НАУК УКРАЇНИ""","50.465811","30.474926",1,"0","0","25"
"М.КИЇВ","45350633","ДЕРЖАВНА УСТАНОВА ""НАЦІОНАЛЬНИЙ НАУКОВИЙ ЦЕНТР РАДІАЦІЙНОЇ МЕДИЦИНИ, ГЕМАТОЛОГІЇ ТА ОНКОЛОГІЇ НАЦІОНАЛЬНОЇ АКАДЕМІЇ МЕДИЧНИХ НАУК УКРАЇНИ""","50.465811","30.474926",2,"0","0","30"
"М.КИЇВ","45350633","ДЕРЖАВНА УСТАНОВА ""НАЦІОНАЛЬНИЙ НАУКОВИЙ ЦЕНТР РАДІАЦІЙНОЇ МЕДИЦИНИ, ГЕМАТОЛОГІЇ ТА ОНКОЛОГІЇ НАЦІОНАЛЬНОЇ АКАДЕМІЇ МЕДИЧНИХ НАУК УКРАЇНИ""","50.465811","30.474926",3,"0","0","42"
"М.КИЇВ","45350633","ДЕРЖАВНА УСТАНОВА ""НАЦІОНАЛЬНИЙ НАУКОВИЙ ЦЕНТР РАДІАЦІЙНОЇ МЕДИЦИНИ, ГЕМАТОЛОГІЇ ТА ОНКОЛОГІЇ НАЦІОНАЛЬНОЇ АКАДЕМІЇ МЕДИЧНИХ НАУК УКРАЇНИ""","50.465811","30.474926",4,"0","0","45"
"М.КИЇВ","45350633","ДЕРЖАВНА УСТАНОВА ""НАЦІОНАЛЬНИЙ НАУКОВИЙ ЦЕНТР РАДІАЦІЙНОЇ МЕДИЦИНИ, ГЕМАТОЛОГІЇ ТА ОНКОЛОГІЇ НАЦІОНАЛЬНОЇ АКАДЕМІЇ МЕДИЧНИХ НАУК УКРАЇНИ""","50.465811","30.474926",5,"0","0","39"
